ID,GENOTYPE,metabolite,intensity
4,B73,acylcarnitine_15_3,211994
5,B73,acylcarnitine_15_3,268282
7,B73,acylcarnitine_15_3,201146
12,B73,acylcarnitine_15_3,142215
14,B73,acylcarnitine_15_3,355860
17,B73,acylcarnitine_15_3,330465
20,B73,acylcarnitine_15_3,325712
22,B73,acylcarnitine_15_3,316604
28,CML312,acylcarnitine_15_3,114181
29,CML312,acylcarnitine_15_3,419106
30,CML312,acylcarnitine_15_3,530753
31,CML312,acylcarnitine_15_3,681485
32,CML312,acylcarnitine_15_3,238403
33,CML312,acylcarnitine_15_3,341463
34,CML312,acylcarnitine_15_3,460752
35,CML312,acylcarnitine_15_3,241407
40,PT,acylcarnitine_15_3,202906
41,PT,acylcarnitine_15_3,162616
42,PT,acylcarnitine_15_3,150038
43,PT,acylcarnitine_15_3,171610
44,PT,acylcarnitine_15_3,151757
45,PT,acylcarnitine_15_3,171524
46,PT,acylcarnitine_15_3,97646
47,PT,acylcarnitine_15_3,83946
4,B73,BMP_37_7_15_1_22_6,24250
5,B73,BMP_37_7_15_1_22_6,23402
7,B73,BMP_37_7_15_1_22_6,24870
12,B73,BMP_37_7_15_1_22_6,13950
14,B73,BMP_37_7_15_1_22_6,18552
17,B73,BMP_37_7_15_1_22_6,24637
20,B73,BMP_37_7_15_1_22_6,26504
22,B73,BMP_37_7_15_1_22_6,11007
28,CML312,BMP_37_7_15_1_22_6,17244
29,CML312,BMP_37_7_15_1_22_6,23083
30,CML312,BMP_37_7_15_1_22_6,27081
31,CML312,BMP_37_7_15_1_22_6,25732
32,CML312,BMP_37_7_15_1_22_6,19172
33,CML312,BMP_37_7_15_1_22_6,4039
34,CML312,BMP_37_7_15_1_22_6,7286
35,CML312,BMP_37_7_15_1_22_6,24433
40,PT,BMP_37_7_15_1_22_6,20285
41,PT,BMP_37_7_15_1_22_6,26563
42,PT,BMP_37_7_15_1_22_6,21770
43,PT,BMP_37_7_15_1_22_6,32439
44,PT,BMP_37_7_15_1_22_6,13183
45,PT,BMP_37_7_15_1_22_6,16927
46,PT,BMP_37_7_15_1_22_6,22206
47,PT,BMP_37_7_15_1_22_6,20372
4,B73,CerNS_38_3_d18_2_20_1,32653
5,B73,CerNS_38_3_d18_2_20_1,33392
7,B73,CerNS_38_3_d18_2_20_1,32580
12,B73,CerNS_38_3_d18_2_20_1,24862
14,B73,CerNS_38_3_d18_2_20_1,53628
17,B73,CerNS_38_3_d18_2_20_1,36146
20,B73,CerNS_38_3_d18_2_20_1,33158
22,B73,CerNS_38_3_d18_2_20_1,33057
28,CML312,CerNS_38_3_d18_2_20_1,51486
29,CML312,CerNS_38_3_d18_2_20_1,35824
30,CML312,CerNS_38_3_d18_2_20_1,24533
31,CML312,CerNS_38_3_d18_2_20_1,30399
32,CML312,CerNS_38_3_d18_2_20_1,22058
33,CML312,CerNS_38_3_d18_2_20_1,38550
34,CML312,CerNS_38_3_d18_2_20_1,33488
35,CML312,CerNS_38_3_d18_2_20_1,45335
40,PT,CerNS_38_3_d18_2_20_1,33158
41,PT,CerNS_38_3_d18_2_20_1,31273
42,PT,CerNS_38_3_d18_2_20_1,25315
43,PT,CerNS_38_3_d18_2_20_1,23973
44,PT,CerNS_38_3_d18_2_20_1,19316
45,PT,CerNS_38_3_d18_2_20_1,27149
46,PT,CerNS_38_3_d18_2_20_1,23533
47,PT,CerNS_38_3_d18_2_20_1,21593
4,B73,DG_34_3_16_0_18_3,119441
5,B73,DG_34_3_16_0_18_3,123413
7,B73,DG_34_3_16_0_18_3,95822
12,B73,DG_34_3_16_0_18_3,98366
14,B73,DG_34_3_16_0_18_3,100288
17,B73,DG_34_3_16_0_18_3,129934
20,B73,DG_34_3_16_0_18_3,99694
22,B73,DG_34_3_16_0_18_3,133795
28,CML312,DG_34_3_16_0_18_3,133278
29,CML312,DG_34_3_16_0_18_3,87700
30,CML312,DG_34_3_16_0_18_3,115128
31,CML312,DG_34_3_16_0_18_3,82941
32,CML312,DG_34_3_16_0_18_3,131376
33,CML312,DG_34_3_16_0_18_3,78682
34,CML312,DG_34_3_16_0_18_3,65907
35,CML312,DG_34_3_16_0_18_3,92895
40,PT,DG_34_3_16_0_18_3,240101
41,PT,DG_34_3_16_0_18_3,120274
42,PT,DG_34_3_16_0_18_3,166422
43,PT,DG_34_3_16_0_18_3,132945
44,PT,DG_34_3_16_0_18_3,212619
45,PT,DG_34_3_16_0_18_3,176689
46,PT,DG_34_3_16_0_18_3,151536
47,PT,DG_34_3_16_0_18_3,178566
4,B73,DG_34_4_16_1_18_3,16960
5,B73,DG_34_4_16_1_18_3,19562
7,B73,DG_34_4_16_1_18_3,19463
12,B73,DG_34_4_16_1_18_3,13866
14,B73,DG_34_4_16_1_18_3,22036
17,B73,DG_34_4_16_1_18_3,27257
20,B73,DG_34_4_16_1_18_3,15341
22,B73,DG_34_4_16_1_18_3,19434
28,CML312,DG_34_4_16_1_18_3,16372
29,CML312,DG_34_4_16_1_18_3,12943
30,CML312,DG_34_4_16_1_18_3,6872
31,CML312,DG_34_4_16_1_18_3,14092
32,CML312,DG_34_4_16_1_18_3,13206
33,CML312,DG_34_4_16_1_18_3,16617
34,CML312,DG_34_4_16_1_18_3,15714
35,CML312,DG_34_4_16_1_18_3,7237
40,PT,DG_34_4_16_1_18_3,55973
41,PT,DG_34_4_16_1_18_3,28367
42,PT,DG_34_4_16_1_18_3,17351
43,PT,DG_34_4_16_1_18_3,18176
44,PT,DG_34_4_16_1_18_3,18302
45,PT,DG_34_4_16_1_18_3,20204
46,PT,DG_34_4_16_1_18_3,20801
47,PT,DG_34_4_16_1_18_3,25752
4,B73,DG_36_4,16243
5,B73,DG_36_4,14941
7,B73,DG_36_4,12482
12,B73,DG_36_4,14242
14,B73,DG_36_4,11526
17,B73,DG_36_4,15240
20,B73,DG_36_4,16226
22,B73,DG_36_4,19550
28,CML312,DG_36_4,6853
29,CML312,DG_36_4,5311
30,CML312,DG_36_4,6106
31,CML312,DG_36_4,4409
32,CML312,DG_36_4,3737
33,CML312,DG_36_4,10213
34,CML312,DG_36_4,3352
35,CML312,DG_36_4,6515
40,PT,DG_36_4,9928
41,PT,DG_36_4,4236
42,PT,DG_36_4,8542
43,PT,DG_36_4,10294
44,PT,DG_36_4,9719
45,PT,DG_36_4,17689
46,PT,DG_36_4,10377
47,PT,DG_36_4,12740
4,B73,DG_36_4_18_2_18_2,128163
5,B73,DG_36_4_18_2_18_2,114159
7,B73,DG_36_4_18_2_18_2,105004
12,B73,DG_36_4_18_2_18_2,121886
14,B73,DG_36_4_18_2_18_2,94114
17,B73,DG_36_4_18_2_18_2,171212
20,B73,DG_36_4_18_2_18_2,136314
22,B73,DG_36_4_18_2_18_2,170303
28,CML312,DG_36_4_18_2_18_2,51057
29,CML312,DG_36_4_18_2_18_2,60131
30,CML312,DG_36_4_18_2_18_2,63122
31,CML312,DG_36_4_18_2_18_2,31117
32,CML312,DG_36_4_18_2_18_2,44265
33,CML312,DG_36_4_18_2_18_2,72082
34,CML312,DG_36_4_18_2_18_2,59687
35,CML312,DG_36_4_18_2_18_2,58428
40,PT,DG_36_4_18_2_18_2,107787
41,PT,DG_36_4_18_2_18_2,66330
42,PT,DG_36_4_18_2_18_2,85849
43,PT,DG_36_4_18_2_18_2,94964
44,PT,DG_36_4_18_2_18_2,86189
45,PT,DG_36_4_18_2_18_2,150010
46,PT,DG_36_4_18_2_18_2,93590
47,PT,DG_36_4_18_2_18_2,104990
4,B73,DG_36_5_18_2_18_3,294251
5,B73,DG_36_5_18_2_18_3,306141
7,B73,DG_36_5_18_2_18_3,302117
12,B73,DG_36_5_18_2_18_3,213774
14,B73,DG_36_5_18_2_18_3,230336
17,B73,DG_36_5_18_2_18_3,360426
20,B73,DG_36_5_18_2_18_3,281124
22,B73,DG_36_5_18_2_18_3,279301
28,CML312,DG_36_5_18_2_18_3,150467
29,CML312,DG_36_5_18_2_18_3,126309
30,CML312,DG_36_5_18_2_18_3,166479
31,CML312,DG_36_5_18_2_18_3,147050
32,CML312,DG_36_5_18_2_18_3,155699
33,CML312,DG_36_5_18_2_18_3,155735
34,CML312,DG_36_5_18_2_18_3,154629
35,CML312,DG_36_5_18_2_18_3,118496
40,PT,DG_36_5_18_2_18_3,271910
41,PT,DG_36_5_18_2_18_3,180206
42,PT,DG_36_5_18_2_18_3,192113
43,PT,DG_36_5_18_2_18_3,157414
44,PT,DG_36_5_18_2_18_3,290114
45,PT,DG_36_5_18_2_18_3,274631
46,PT,DG_36_5_18_2_18_3,212639
47,PT,DG_36_5_18_2_18_3,236591
4,B73,DG_36_6_18_3_18_3,169857
5,B73,DG_36_6_18_3_18_3,223686
7,B73,DG_36_6_18_3_18_3,185885
12,B73,DG_36_6_18_3_18_3,115869
14,B73,DG_36_6_18_3_18_3,218851
17,B73,DG_36_6_18_3_18_3,179848
20,B73,DG_36_6_18_3_18_3,142419
22,B73,DG_36_6_18_3_18_3,159094
28,CML312,DG_36_6_18_3_18_3,176627
29,CML312,DG_36_6_18_3_18_3,60771
30,CML312,DG_36_6_18_3_18_3,93301
31,CML312,DG_36_6_18_3_18_3,26515
32,CML312,DG_36_6_18_3_18_3,153273
33,CML312,DG_36_6_18_3_18_3,184743
34,CML312,DG_36_6_18_3_18_3,168319
35,CML312,DG_36_6_18_3_18_3,67343
40,PT,DG_36_6_18_3_18_3,484601
41,PT,DG_36_6_18_3_18_3,236523
42,PT,DG_36_6_18_3_18_3,274679
43,PT,DG_36_6_18_3_18_3,105455
44,PT,DG_36_6_18_3_18_3,179425
45,PT,DG_36_6_18_3_18_3,198046
46,PT,DG_36_6_18_3_18_3,141710
47,PT,DG_36_6_18_3_18_3,111057
4,B73,DGDG_32_0_16_0_16_0,278753
5,B73,DGDG_32_0_16_0_16_0,254314
7,B73,DGDG_32_0_16_0_16_0,339497
12,B73,DGDG_32_0_16_0_16_0,231910
14,B73,DGDG_32_0_16_0_16_0,317421
17,B73,DGDG_32_0_16_0_16_0,279236
20,B73,DGDG_32_0_16_0_16_0,212233
22,B73,DGDG_32_0_16_0_16_0,253905
28,CML312,DGDG_32_0_16_0_16_0,352952
29,CML312,DGDG_32_0_16_0_16_0,276850
30,CML312,DGDG_32_0_16_0_16_0,291543
31,CML312,DGDG_32_0_16_0_16_0,284315
32,CML312,DGDG_32_0_16_0_16_0,270943
33,CML312,DGDG_32_0_16_0_16_0,191754
34,CML312,DGDG_32_0_16_0_16_0,239350
35,CML312,DGDG_32_0_16_0_16_0,285069
40,PT,DGDG_32_0_16_0_16_0,228284
41,PT,DGDG_32_0_16_0_16_0,287423
42,PT,DGDG_32_0_16_0_16_0,118045
43,PT,DGDG_32_0_16_0_16_0,181276
44,PT,DGDG_32_0_16_0_16_0,208476
45,PT,DGDG_32_0_16_0_16_0,286056
46,PT,DGDG_32_0_16_0_16_0,209125
47,PT,DGDG_32_0_16_0_16_0,167626
4,B73,DGDG_32_1_16_0_16_1,6542
5,B73,DGDG_32_1_16_0_16_1,6923
7,B73,DGDG_32_1_16_0_16_1,9448
12,B73,DGDG_32_1_16_0_16_1,6463
14,B73,DGDG_32_1_16_0_16_1,8663
17,B73,DGDG_32_1_16_0_16_1,7137
20,B73,DGDG_32_1_16_0_16_1,5026
22,B73,DGDG_32_1_16_0_16_1,5539
28,CML312,DGDG_32_1_16_0_16_1,13896
29,CML312,DGDG_32_1_16_0_16_1,7284
30,CML312,DGDG_32_1_16_0_16_1,6835
31,CML312,DGDG_32_1_16_0_16_1,10947
32,CML312,DGDG_32_1_16_0_16_1,9045
33,CML312,DGDG_32_1_16_0_16_1,4496
34,CML312,DGDG_32_1_16_0_16_1,5474
35,CML312,DGDG_32_1_16_0_16_1,7354
40,PT,DGDG_32_1_16_0_16_1,6509
41,PT,DGDG_32_1_16_0_16_1,3812
42,PT,DGDG_32_1_16_0_16_1,10515
43,PT,DGDG_32_1_16_0_16_1,5808
44,PT,DGDG_32_1_16_0_16_1,10465
45,PT,DGDG_32_1_16_0_16_1,8512
46,PT,DGDG_32_1_16_0_16_1,11599
47,PT,DGDG_32_1_16_0_16_1,11013
4,B73,DGDG_33_3_15_0_18_3,11998
5,B73,DGDG_33_3_15_0_18_3,12513
7,B73,DGDG_33_3_15_0_18_3,15105
12,B73,DGDG_33_3_15_0_18_3,10649
14,B73,DGDG_33_3_15_0_18_3,22253
17,B73,DGDG_33_3_15_0_18_3,10224
20,B73,DGDG_33_3_15_0_18_3,7531
22,B73,DGDG_33_3_15_0_18_3,7646
28,CML312,DGDG_33_3_15_0_18_3,22571
29,CML312,DGDG_33_3_15_0_18_3,10863
30,CML312,DGDG_33_3_15_0_18_3,13063
31,CML312,DGDG_33_3_15_0_18_3,16515
32,CML312,DGDG_33_3_15_0_18_3,8902
33,CML312,DGDG_33_3_15_0_18_3,4908
34,CML312,DGDG_33_3_15_0_18_3,9165
35,CML312,DGDG_33_3_15_0_18_3,11213
40,PT,DGDG_33_3_15_0_18_3,10904
41,PT,DGDG_33_3_15_0_18_3,16185
42,PT,DGDG_33_3_15_0_18_3,13833
43,PT,DGDG_33_3_15_0_18_3,6836
44,PT,DGDG_33_3_15_0_18_3,15748
45,PT,DGDG_33_3_15_0_18_3,16918
46,PT,DGDG_33_3_15_0_18_3,15416
47,PT,DGDG_33_3_15_0_18_3,17197
4,B73,DGDG_34_1_16_0_18_1,83814
5,B73,DGDG_34_1_16_0_18_1,90137
7,B73,DGDG_34_1_16_0_18_1,82379
12,B73,DGDG_34_1_16_0_18_1,67109
14,B73,DGDG_34_1_16_0_18_1,70297
17,B73,DGDG_34_1_16_0_18_1,93735
20,B73,DGDG_34_1_16_0_18_1,83171
22,B73,DGDG_34_1_16_0_18_1,67525
28,CML312,DGDG_34_1_16_0_18_1,125080
29,CML312,DGDG_34_1_16_0_18_1,103149
30,CML312,DGDG_34_1_16_0_18_1,68356
31,CML312,DGDG_34_1_16_0_18_1,132961
32,CML312,DGDG_34_1_16_0_18_1,77148
33,CML312,DGDG_34_1_16_0_18_1,91357
34,CML312,DGDG_34_1_16_0_18_1,102132
35,CML312,DGDG_34_1_16_0_18_1,102674
40,PT,DGDG_34_1_16_0_18_1,87878
41,PT,DGDG_34_1_16_0_18_1,120516
42,PT,DGDG_34_1_16_0_18_1,72464
43,PT,DGDG_34_1_16_0_18_1,105295
44,PT,DGDG_34_1_16_0_18_1,83514
45,PT,DGDG_34_1_16_0_18_1,116196
46,PT,DGDG_34_1_16_0_18_1,100483
47,PT,DGDG_34_1_16_0_18_1,118492
4,B73,DGDG_34_2_16_0_18_2,921228
5,B73,DGDG_34_2_16_0_18_2,835572
7,B73,DGDG_34_2_16_0_18_2,788650
12,B73,DGDG_34_2_16_0_18_2,522689
14,B73,DGDG_34_2_16_0_18_2,719022
17,B73,DGDG_34_2_16_0_18_2,713970
20,B73,DGDG_34_2_16_0_18_2,504060
22,B73,DGDG_34_2_16_0_18_2,556352
28,CML312,DGDG_34_2_16_0_18_2,1123570
29,CML312,DGDG_34_2_16_0_18_2,836448
30,CML312,DGDG_34_2_16_0_18_2,579532
31,CML312,DGDG_34_2_16_0_18_2,775310
32,CML312,DGDG_34_2_16_0_18_2,640823
33,CML312,DGDG_34_2_16_0_18_2,721774
34,CML312,DGDG_34_2_16_0_18_2,935160
35,CML312,DGDG_34_2_16_0_18_2,773977
40,PT,DGDG_34_2_16_0_18_2,611354
41,PT,DGDG_34_2_16_0_18_2,688589
42,PT,DGDG_34_2_16_0_18_2,464910
43,PT,DGDG_34_2_16_0_18_2,554065
44,PT,DGDG_34_2_16_0_18_2,468092
45,PT,DGDG_34_2_16_0_18_2,498909
46,PT,DGDG_34_2_16_0_18_2,533733
47,PT,DGDG_34_2_16_0_18_2,644433
4,B73,DGDG_34_4_16_1_18_3,34065
5,B73,DGDG_34_4_16_1_18_3,42367
7,B73,DGDG_34_4_16_1_18_3,44982
12,B73,DGDG_34_4_16_1_18_3,49126
14,B73,DGDG_34_4_16_1_18_3,53520
17,B73,DGDG_34_4_16_1_18_3,51613
20,B73,DGDG_34_4_16_1_18_3,29339
22,B73,DGDG_34_4_16_1_18_3,39384
28,CML312,DGDG_34_4_16_1_18_3,47224
29,CML312,DGDG_34_4_16_1_18_3,43024
30,CML312,DGDG_34_4_16_1_18_3,39145
31,CML312,DGDG_34_4_16_1_18_3,42463
32,CML312,DGDG_34_4_16_1_18_3,40448
33,CML312,DGDG_34_4_16_1_18_3,20881
34,CML312,DGDG_34_4_16_1_18_3,46185
35,CML312,DGDG_34_4_16_1_18_3,37534
40,PT,DGDG_34_4_16_1_18_3,125307
41,PT,DGDG_34_4_16_1_18_3,76286
42,PT,DGDG_34_4_16_1_18_3,74817
43,PT,DGDG_34_4_16_1_18_3,43691
44,PT,DGDG_34_4_16_1_18_3,44677
45,PT,DGDG_34_4_16_1_18_3,48373
46,PT,DGDG_34_4_16_1_18_3,44782
47,PT,DGDG_34_4_16_1_18_3,46390
4,B73,DGDG_34_5_16_2_18_3,8884
5,B73,DGDG_34_5_16_2_18_3,8460
7,B73,DGDG_34_5_16_2_18_3,12910
12,B73,DGDG_34_5_16_2_18_3,9331
14,B73,DGDG_34_5_16_2_18_3,8040
17,B73,DGDG_34_5_16_2_18_3,9870
20,B73,DGDG_34_5_16_2_18_3,6648
22,B73,DGDG_34_5_16_2_18_3,8798
28,CML312,DGDG_34_5_16_2_18_3,0
29,CML312,DGDG_34_5_16_2_18_3,6619
30,CML312,DGDG_34_5_16_2_18_3,6238
31,CML312,DGDG_34_5_16_2_18_3,7736
32,CML312,DGDG_34_5_16_2_18_3,3403
33,CML312,DGDG_34_5_16_2_18_3,5568
34,CML312,DGDG_34_5_16_2_18_3,9170
35,CML312,DGDG_34_5_16_2_18_3,3012
40,PT,DGDG_34_5_16_2_18_3,29754
41,PT,DGDG_34_5_16_2_18_3,17237
42,PT,DGDG_34_5_16_2_18_3,15778
43,PT,DGDG_34_5_16_2_18_3,3760
44,PT,DGDG_34_5_16_2_18_3,10587
45,PT,DGDG_34_5_16_2_18_3,16322
46,PT,DGDG_34_5_16_2_18_3,14482
47,PT,DGDG_34_5_16_2_18_3,17026
4,B73,DGDG_35_3_17_0_18_3,81881
5,B73,DGDG_35_3_17_0_18_3,58034
7,B73,DGDG_35_3_17_0_18_3,100563
12,B73,DGDG_35_3_17_0_18_3,87331
14,B73,DGDG_35_3_17_0_18_3,81204
17,B73,DGDG_35_3_17_0_18_3,83871
20,B73,DGDG_35_3_17_0_18_3,52631
22,B73,DGDG_35_3_17_0_18_3,68692
28,CML312,DGDG_35_3_17_0_18_3,106829
29,CML312,DGDG_35_3_17_0_18_3,85427
30,CML312,DGDG_35_3_17_0_18_3,76533
31,CML312,DGDG_35_3_17_0_18_3,100295
32,CML312,DGDG_35_3_17_0_18_3,83789
33,CML312,DGDG_35_3_17_0_18_3,42619
34,CML312,DGDG_35_3_17_0_18_3,61004
35,CML312,DGDG_35_3_17_0_18_3,89823
40,PT,DGDG_35_3_17_0_18_3,200111
41,PT,DGDG_35_3_17_0_18_3,178032
42,PT,DGDG_35_3_17_0_18_3,117096
43,PT,DGDG_35_3_17_0_18_3,93869
44,PT,DGDG_35_3_17_0_18_3,113212
45,PT,DGDG_35_3_17_0_18_3,161681
46,PT,DGDG_35_3_17_0_18_3,120064
47,PT,DGDG_35_3_17_0_18_3,139037
4,B73,DGDG_35_5_17_2_18_3,12705
5,B73,DGDG_35_5_17_2_18_3,12643
7,B73,DGDG_35_5_17_2_18_3,14562
12,B73,DGDG_35_5_17_2_18_3,9918
14,B73,DGDG_35_5_17_2_18_3,11304
17,B73,DGDG_35_5_17_2_18_3,14238
20,B73,DGDG_35_5_17_2_18_3,9224
22,B73,DGDG_35_5_17_2_18_3,10723
28,CML312,DGDG_35_5_17_2_18_3,8327
29,CML312,DGDG_35_5_17_2_18_3,5284
30,CML312,DGDG_35_5_17_2_18_3,7029
31,CML312,DGDG_35_5_17_2_18_3,5370
32,CML312,DGDG_35_5_17_2_18_3,6721
33,CML312,DGDG_35_5_17_2_18_3,1399
34,CML312,DGDG_35_5_17_2_18_3,10887
35,CML312,DGDG_35_5_17_2_18_3,5297
40,PT,DGDG_35_5_17_2_18_3,12210
41,PT,DGDG_35_5_17_2_18_3,8760
42,PT,DGDG_35_5_17_2_18_3,8891
43,PT,DGDG_35_5_17_2_18_3,7170
44,PT,DGDG_35_5_17_2_18_3,8876
45,PT,DGDG_35_5_17_2_18_3,10897
46,PT,DGDG_35_5_17_2_18_3,9665
47,PT,DGDG_35_5_17_2_18_3,12478
4,B73,DGDG_35_6_17_2_18_4,27202
5,B73,DGDG_35_6_17_2_18_4,25776
7,B73,DGDG_35_6_17_2_18_4,35849
12,B73,DGDG_35_6_17_2_18_4,25773
14,B73,DGDG_35_6_17_2_18_4,31931
17,B73,DGDG_35_6_17_2_18_4,32628
20,B73,DGDG_35_6_17_2_18_4,23191
22,B73,DGDG_35_6_17_2_18_4,26699
28,CML312,DGDG_35_6_17_2_18_4,22478
29,CML312,DGDG_35_6_17_2_18_4,23590
30,CML312,DGDG_35_6_17_2_18_4,24345
31,CML312,DGDG_35_6_17_2_18_4,24102
32,CML312,DGDG_35_6_17_2_18_4,21368
33,CML312,DGDG_35_6_17_2_18_4,16699
34,CML312,DGDG_35_6_17_2_18_4,27032
35,CML312,DGDG_35_6_17_2_18_4,23013
40,PT,DGDG_35_6_17_2_18_4,76363
41,PT,DGDG_35_6_17_2_18_4,51539
42,PT,DGDG_35_6_17_2_18_4,38195
43,PT,DGDG_35_6_17_2_18_4,27456
44,PT,DGDG_35_6_17_2_18_4,40314
45,PT,DGDG_35_6_17_2_18_4,59414
46,PT,DGDG_35_6_17_2_18_4,47047
47,PT,DGDG_35_6_17_2_18_4,37210
4,B73,DGDG_36_2_18_0_18_2,117342
5,B73,DGDG_36_2_18_0_18_2,125667
7,B73,DGDG_36_2_18_0_18_2,106370
12,B73,DGDG_36_2_18_0_18_2,88610
14,B73,DGDG_36_2_18_0_18_2,115211
17,B73,DGDG_36_2_18_0_18_2,135412
20,B73,DGDG_36_2_18_0_18_2,99176
22,B73,DGDG_36_2_18_0_18_2,101927
28,CML312,DGDG_36_2_18_0_18_2,147075
29,CML312,DGDG_36_2_18_0_18_2,120398
30,CML312,DGDG_36_2_18_0_18_2,98255
31,CML312,DGDG_36_2_18_0_18_2,124697
32,CML312,DGDG_36_2_18_0_18_2,112985
33,CML312,DGDG_36_2_18_0_18_2,103997
34,CML312,DGDG_36_2_18_0_18_2,95065
35,CML312,DGDG_36_2_18_0_18_2,126234
40,PT,DGDG_36_2_18_0_18_2,116669
41,PT,DGDG_36_2_18_0_18_2,130429
42,PT,DGDG_36_2_18_0_18_2,102124
43,PT,DGDG_36_2_18_0_18_2,97293
44,PT,DGDG_36_2_18_0_18_2,78688
45,PT,DGDG_36_2_18_0_18_2,95086
46,PT,DGDG_36_2_18_0_18_2,99182
47,PT,DGDG_36_2_18_0_18_2,128129
4,B73,DGDG_36_4_18_1_18_3,272572
5,B73,DGDG_36_4_18_1_18_3,215398
7,B73,DGDG_36_4_18_1_18_3,292796
12,B73,DGDG_36_4_18_1_18_3,199785
14,B73,DGDG_36_4_18_1_18_3,234004
17,B73,DGDG_36_4_18_1_18_3,262297
20,B73,DGDG_36_4_18_1_18_3,167599
22,B73,DGDG_36_4_18_1_18_3,211389
28,CML312,DGDG_36_4_18_1_18_3,174230
29,CML312,DGDG_36_4_18_1_18_3,170573
30,CML312,DGDG_36_4_18_1_18_3,143483
31,CML312,DGDG_36_4_18_1_18_3,184728
32,CML312,DGDG_36_4_18_1_18_3,161664
33,CML312,DGDG_36_4_18_1_18_3,140213
34,CML312,DGDG_36_4_18_1_18_3,184924
35,CML312,DGDG_36_4_18_1_18_3,155997
40,PT,DGDG_36_4_18_1_18_3,308417
41,PT,DGDG_36_4_18_1_18_3,278374
42,PT,DGDG_36_4_18_1_18_3,258147
43,PT,DGDG_36_4_18_1_18_3,249349
44,PT,DGDG_36_4_18_1_18_3,218987
45,PT,DGDG_36_4_18_1_18_3,263498
46,PT,DGDG_36_4_18_1_18_3,230759
47,PT,DGDG_36_4_18_1_18_3,225226
4,B73,DGDG_38_5_20_1_18_4,20052
5,B73,DGDG_38_5_20_1_18_4,12192
7,B73,DGDG_38_5_20_1_18_4,20099
12,B73,DGDG_38_5_20_1_18_4,14034
14,B73,DGDG_38_5_20_1_18_4,21767
17,B73,DGDG_38_5_20_1_18_4,17151
20,B73,DGDG_38_5_20_1_18_4,12960
22,B73,DGDG_38_5_20_1_18_4,15497
28,CML312,DGDG_38_5_20_1_18_4,17808
29,CML312,DGDG_38_5_20_1_18_4,13625
30,CML312,DGDG_38_5_20_1_18_4,13976
31,CML312,DGDG_38_5_20_1_18_4,15353
32,CML312,DGDG_38_5_20_1_18_4,16362
33,CML312,DGDG_38_5_20_1_18_4,2029
34,CML312,DGDG_38_5_20_1_18_4,8766
35,CML312,DGDG_38_5_20_1_18_4,14429
40,PT,DGDG_38_5_20_1_18_4,26486
41,PT,DGDG_38_5_20_1_18_4,18675
42,PT,DGDG_38_5_20_1_18_4,20463
43,PT,DGDG_38_5_20_1_18_4,22020
44,PT,DGDG_38_5_20_1_18_4,15189
45,PT,DGDG_38_5_20_1_18_4,18297
46,PT,DGDG_38_5_20_1_18_4,17872
47,PT,DGDG_38_5_20_1_18_4,20069
4,B73,DGDG_38_6_18_3_20_3,110025
5,B73,DGDG_38_6_18_3_20_3,99689
7,B73,DGDG_38_6_18_3_20_3,143974
12,B73,DGDG_38_6_18_3_20_3,104072
14,B73,DGDG_38_6_18_3_20_3,113863
17,B73,DGDG_38_6_18_3_20_3,121742
20,B73,DGDG_38_6_18_3_20_3,81820
22,B73,DGDG_38_6_18_3_20_3,95105
28,CML312,DGDG_38_6_18_3_20_3,80985
29,CML312,DGDG_38_6_18_3_20_3,81876
30,CML312,DGDG_38_6_18_3_20_3,89167
31,CML312,DGDG_38_6_18_3_20_3,95429
32,CML312,DGDG_38_6_18_3_20_3,112673
33,CML312,DGDG_38_6_18_3_20_3,86332
34,CML312,DGDG_38_6_18_3_20_3,105265
35,CML312,DGDG_38_6_18_3_20_3,76825
40,PT,DGDG_38_6_18_3_20_3,296411
41,PT,DGDG_38_6_18_3_20_3,206695
42,PT,DGDG_38_6_18_3_20_3,227377
43,PT,DGDG_38_6_18_3_20_3,126489
44,PT,DGDG_38_6_18_3_20_3,175101
45,PT,DGDG_38_6_18_3_20_3,220511
46,PT,DGDG_38_6_18_3_20_3,203728
47,PT,DGDG_38_6_18_3_20_3,160439
4,B73,GlcCerNS_34_3_d18_2_16_1,55915
5,B73,GlcCerNS_34_3_d18_2_16_1,65165
7,B73,GlcCerNS_34_3_d18_2_16_1,61500
12,B73,GlcCerNS_34_3_d18_2_16_1,49529
14,B73,GlcCerNS_34_3_d18_2_16_1,89471
17,B73,GlcCerNS_34_3_d18_2_16_1,60913
20,B73,GlcCerNS_34_3_d18_2_16_1,61527
22,B73,GlcCerNS_34_3_d18_2_16_1,55118
28,CML312,GlcCerNS_34_3_d18_2_16_1,111120
29,CML312,GlcCerNS_34_3_d18_2_16_1,64717
30,CML312,GlcCerNS_34_3_d18_2_16_1,56537
31,CML312,GlcCerNS_34_3_d18_2_16_1,65976
32,CML312,GlcCerNS_34_3_d18_2_16_1,54376
33,CML312,GlcCerNS_34_3_d18_2_16_1,95672
34,CML312,GlcCerNS_34_3_d18_2_16_1,74656
35,CML312,GlcCerNS_34_3_d18_2_16_1,86144
40,PT,GlcCerNS_34_3_d18_2_16_1,72507
41,PT,GlcCerNS_34_3_d18_2_16_1,47793
42,PT,GlcCerNS_34_3_d18_2_16_1,47999
43,PT,GlcCerNS_34_3_d18_2_16_1,38060
44,PT,GlcCerNS_34_3_d18_2_16_1,44556
45,PT,GlcCerNS_34_3_d18_2_16_1,52802
46,PT,GlcCerNS_34_3_d18_2_16_1,46837
47,PT,GlcCerNS_34_3_d18_2_16_1,45377
4,B73,GlcCerNS_36_3_d18_2_18_1,164366
5,B73,GlcCerNS_36_3_d18_2_18_1,122797
7,B73,GlcCerNS_36_3_d18_2_18_1,151334
12,B73,GlcCerNS_36_3_d18_2_18_1,112126
14,B73,GlcCerNS_36_3_d18_2_18_1,292273
17,B73,GlcCerNS_36_3_d18_2_18_1,145872
20,B73,GlcCerNS_36_3_d18_2_18_1,122218
22,B73,GlcCerNS_36_3_d18_2_18_1,155897
28,CML312,GlcCerNS_36_3_d18_2_18_1,253041
29,CML312,GlcCerNS_36_3_d18_2_18_1,179241
30,CML312,GlcCerNS_36_3_d18_2_18_1,117025
31,CML312,GlcCerNS_36_3_d18_2_18_1,111675
32,CML312,GlcCerNS_36_3_d18_2_18_1,69965
33,CML312,GlcCerNS_36_3_d18_2_18_1,190815
34,CML312,GlcCerNS_36_3_d18_2_18_1,194429
35,CML312,GlcCerNS_36_3_d18_2_18_1,169478
40,PT,GlcCerNS_36_3_d18_2_18_1,76772
41,PT,GlcCerNS_36_3_d18_2_18_1,96182
42,PT,GlcCerNS_36_3_d18_2_18_1,71444
43,PT,GlcCerNS_36_3_d18_2_18_1,72302
44,PT,GlcCerNS_36_3_d18_2_18_1,67446
45,PT,GlcCerNS_36_3_d18_2_18_1,100483
46,PT,GlcCerNS_36_3_d18_2_18_1,70242
47,PT,GlcCerNS_36_3_d18_2_18_1,72349
4,B73,GlcCerNS_38_3_d18_2_20_1,280776
5,B73,GlcCerNS_38_3_d18_2_20_1,303070
7,B73,GlcCerNS_38_3_d18_2_20_1,303727
12,B73,GlcCerNS_38_3_d18_2_20_1,232632
14,B73,GlcCerNS_38_3_d18_2_20_1,437458
17,B73,GlcCerNS_38_3_d18_2_20_1,317228
20,B73,GlcCerNS_38_3_d18_2_20_1,293059
22,B73,GlcCerNS_38_3_d18_2_20_1,282491
28,CML312,GlcCerNS_38_3_d18_2_20_1,443119
29,CML312,GlcCerNS_38_3_d18_2_20_1,319681
30,CML312,GlcCerNS_38_3_d18_2_20_1,214981
31,CML312,GlcCerNS_38_3_d18_2_20_1,278983
32,CML312,GlcCerNS_38_3_d18_2_20_1,201827
33,CML312,GlcCerNS_38_3_d18_2_20_1,279338
34,CML312,GlcCerNS_38_3_d18_2_20_1,305727
35,CML312,GlcCerNS_38_3_d18_2_20_1,399850
40,PT,GlcCerNS_38_3_d18_2_20_1,326041
41,PT,GlcCerNS_38_3_d18_2_20_1,288059
42,PT,GlcCerNS_38_3_d18_2_20_1,232919
43,PT,GlcCerNS_38_3_d18_2_20_1,214147
44,PT,GlcCerNS_38_3_d18_2_20_1,186040
45,PT,GlcCerNS_38_3_d18_2_20_1,255482
46,PT,GlcCerNS_38_3_d18_2_20_1,206559
47,PT,GlcCerNS_38_3_d18_2_20_1,220562
4,B73,LPC_16_0,55526
5,B73,LPC_16_0,110211
7,B73,LPC_16_0,75937
12,B73,LPC_16_0,80297
14,B73,LPC_16_0,144034
17,B73,LPC_16_0,99534
20,B73,LPC_16_0,101702
22,B73,LPC_16_0,97053
28,CML312,LPC_16_0,125606
29,CML312,LPC_16_0,107e3
30,CML312,LPC_16_0,107014
31,CML312,LPC_16_0,84759
32,CML312,LPC_16_0,87414
33,CML312,LPC_16_0,142323
34,CML312,LPC_16_0,142421
35,CML312,LPC_16_0,104107
40,PT,LPC_16_0,70943
41,PT,LPC_16_0,84288
42,PT,LPC_16_0,99527
43,PT,LPC_16_0,114203
44,PT,LPC_16_0,79027
45,PT,LPC_16_0,83805
46,PT,LPC_16_0,76182
47,PT,LPC_16_0,76428
4,B73,LPC_18_0,10894
5,B73,LPC_18_0,13207
7,B73,LPC_18_0,13713
12,B73,LPC_18_0,12756
14,B73,LPC_18_0,24632
17,B73,LPC_18_0,12781
20,B73,LPC_18_0,21942
22,B73,LPC_18_0,14882
28,CML312,LPC_18_0,32351
29,CML312,LPC_18_0,27666
30,CML312,LPC_18_0,15117
31,CML312,LPC_18_0,11797
32,CML312,LPC_18_0,15343
33,CML312,LPC_18_0,37077
34,CML312,LPC_18_0,14632
35,CML312,LPC_18_0,19831
40,PT,LPC_18_0,5459
41,PT,LPC_18_0,14013
42,PT,LPC_18_0,9680
43,PT,LPC_18_0,10366
44,PT,LPC_18_0,5368
45,PT,LPC_18_0,5933
46,PT,LPC_18_0,5387
47,PT,LPC_18_0,11529
4,B73,LPC_18_1,127992
5,B73,LPC_18_1,268187
7,B73,LPC_18_1,138510
12,B73,LPC_18_1,140594
14,B73,LPC_18_1,275456
17,B73,LPC_18_1,157451
20,B73,LPC_18_1,279996
22,B73,LPC_18_1,226108
28,CML312,LPC_18_1,153429
29,CML312,LPC_18_1,130265
30,CML312,LPC_18_1,117128
31,CML312,LPC_18_1,72496
32,CML312,LPC_18_1,111440
33,CML312,LPC_18_1,159722
34,CML312,LPC_18_1,149799
35,CML312,LPC_18_1,114256
40,PT,LPC_18_1,112170
41,PT,LPC_18_1,97843
42,PT,LPC_18_1,67123
43,PT,LPC_18_1,125890
44,PT,LPC_18_1,82076
45,PT,LPC_18_1,96935
46,PT,LPC_18_1,61599
47,PT,LPC_18_1,75377
4,B73,LPC_18_2,2783955
5,B73,LPC_18_2,4191933
7,B73,LPC_18_2,2895256
12,B73,LPC_18_2,2649372
14,B73,LPC_18_2,3563108
17,B73,LPC_18_2,2816525
20,B73,LPC_18_2,4172853
22,B73,LPC_18_2,4061468
28,CML312,LPC_18_2,1149912
29,CML312,LPC_18_2,1665914
30,CML312,LPC_18_2,1916432
31,CML312,LPC_18_2,1172674
32,CML312,LPC_18_2,1031640
33,CML312,LPC_18_2,1434560
34,CML312,LPC_18_2,1320765
35,CML312,LPC_18_2,1567378
40,PT,LPC_18_2,830852
41,PT,LPC_18_2,1112573
42,PT,LPC_18_2,528450
43,PT,LPC_18_2,1328397
44,PT,LPC_18_2,515729
45,PT,LPC_18_2,1070878
46,PT,LPC_18_2,701347
47,PT,LPC_18_2,1022876
4,B73,LPC_18_3,945018
5,B73,LPC_18_3,1249742
7,B73,LPC_18_3,926567
12,B73,LPC_18_3,1355949
14,B73,LPC_18_3,663295
17,B73,LPC_18_3,906093
20,B73,LPC_18_3,1052746
22,B73,LPC_18_3,1153850
28,CML312,LPC_18_3,507332
29,CML312,LPC_18_3,786550
30,CML312,LPC_18_3,930392
31,CML312,LPC_18_3,617907
32,CML312,LPC_18_3,509020
33,CML312,LPC_18_3,818471
34,CML312,LPC_18_3,940009
35,CML312,LPC_18_3,742144
40,PT,LPC_18_3,401501
41,PT,LPC_18_3,474483
42,PT,LPC_18_3,250227
43,PT,LPC_18_3,1093889
44,PT,LPC_18_3,242742
45,PT,LPC_18_3,447956
46,PT,LPC_18_3,336775
47,PT,LPC_18_3,480884
4,B73,MGDG_34_1_16_0_18_1,12483
5,B73,MGDG_34_1_16_0_18_1,17038
7,B73,MGDG_34_1_16_0_18_1,16898
12,B73,MGDG_34_1_16_0_18_1,11902
14,B73,MGDG_34_1_16_0_18_1,15166
17,B73,MGDG_34_1_16_0_18_1,18862
20,B73,MGDG_34_1_16_0_18_1,13529
22,B73,MGDG_34_1_16_0_18_1,13492
28,CML312,MGDG_34_1_16_0_18_1,32435
29,CML312,MGDG_34_1_16_0_18_1,26231
30,CML312,MGDG_34_1_16_0_18_1,20388
31,CML312,MGDG_34_1_16_0_18_1,27644
32,CML312,MGDG_34_1_16_0_18_1,20370
33,CML312,MGDG_34_1_16_0_18_1,20104
34,CML312,MGDG_34_1_16_0_18_1,19329
35,CML312,MGDG_34_1_16_0_18_1,26153
40,PT,MGDG_34_1_16_0_18_1,20361
41,PT,MGDG_34_1_16_0_18_1,22599
42,PT,MGDG_34_1_16_0_18_1,16753
43,PT,MGDG_34_1_16_0_18_1,26321
44,PT,MGDG_34_1_16_0_18_1,6796
45,PT,MGDG_34_1_16_0_18_1,19060
46,PT,MGDG_34_1_16_0_18_1,19492
47,PT,MGDG_34_1_16_0_18_1,22307
4,B73,MGDG_34_2_16_0_18_2,218809
5,B73,MGDG_34_2_16_0_18_2,195964
7,B73,MGDG_34_2_16_0_18_2,239114
12,B73,MGDG_34_2_16_0_18_2,184248
14,B73,MGDG_34_2_16_0_18_2,155744
17,B73,MGDG_34_2_16_0_18_2,236716
20,B73,MGDG_34_2_16_0_18_2,145061
22,B73,MGDG_34_2_16_0_18_2,176154
28,CML312,MGDG_34_2_16_0_18_2,312692
29,CML312,MGDG_34_2_16_0_18_2,243205
30,CML312,MGDG_34_2_16_0_18_2,185075
31,CML312,MGDG_34_2_16_0_18_2,289653
32,CML312,MGDG_34_2_16_0_18_2,200062
33,CML312,MGDG_34_2_16_0_18_2,120990
34,CML312,MGDG_34_2_16_0_18_2,194871
35,CML312,MGDG_34_2_16_0_18_2,241063
40,PT,MGDG_34_2_16_0_18_2,238636
41,PT,MGDG_34_2_16_0_18_2,230321
42,PT,MGDG_34_2_16_0_18_2,198553
43,PT,MGDG_34_2_16_0_18_2,221644
44,PT,MGDG_34_2_16_0_18_2,152166
45,PT,MGDG_34_2_16_0_18_2,172419
46,PT,MGDG_34_2_16_0_18_2,225434
47,PT,MGDG_34_2_16_0_18_2,246723
4,B73,MGDG_34_3_16_0_18_3,1284819
5,B73,MGDG_34_3_16_0_18_3,1272222
7,B73,MGDG_34_3_16_0_18_3,1467260
12,B73,MGDG_34_3_16_0_18_3,986858
14,B73,MGDG_34_3_16_0_18_3,660195
17,B73,MGDG_34_3_16_0_18_3,1039040
20,B73,MGDG_34_3_16_0_18_3,691742
22,B73,MGDG_34_3_16_0_18_3,982973
28,CML312,MGDG_34_3_16_0_18_3,1312788
29,CML312,MGDG_34_3_16_0_18_3,1226675
30,CML312,MGDG_34_3_16_0_18_3,1091120
31,CML312,MGDG_34_3_16_0_18_3,936415
32,CML312,MGDG_34_3_16_0_18_3,1399440
33,CML312,MGDG_34_3_16_0_18_3,2117520
34,CML312,MGDG_34_3_16_0_18_3,1461535
35,CML312,MGDG_34_3_16_0_18_3,1012169
40,PT,MGDG_34_3_16_0_18_3,1571420
41,PT,MGDG_34_3_16_0_18_3,2012163
42,PT,MGDG_34_3_16_0_18_3,1466624
43,PT,MGDG_34_3_16_0_18_3,1133084
44,PT,MGDG_34_3_16_0_18_3,1760221
45,PT,MGDG_34_3_16_0_18_3,1929139
46,PT,MGDG_34_3_16_0_18_3,1636025
47,PT,MGDG_34_3_16_0_18_3,1503754
4,B73,MGDG_34_4_16_1_18_3,45140
5,B73,MGDG_34_4_16_1_18_3,29721
7,B73,MGDG_34_4_16_1_18_3,74983
12,B73,MGDG_34_4_16_1_18_3,64390
14,B73,MGDG_34_4_16_1_18_3,40183
17,B73,MGDG_34_4_16_1_18_3,49993
20,B73,MGDG_34_4_16_1_18_3,32498
22,B73,MGDG_34_4_16_1_18_3,46033
28,CML312,MGDG_34_4_16_1_18_3,53388
29,CML312,MGDG_34_4_16_1_18_3,45371
30,CML312,MGDG_34_4_16_1_18_3,37408
31,CML312,MGDG_34_4_16_1_18_3,47937
32,CML312,MGDG_34_4_16_1_18_3,49577
33,CML312,MGDG_34_4_16_1_18_3,75606
34,CML312,MGDG_34_4_16_1_18_3,73561
35,CML312,MGDG_34_4_16_1_18_3,29004
40,PT,MGDG_34_4_16_1_18_3,209036
41,PT,MGDG_34_4_16_1_18_3,17985
42,PT,MGDG_34_4_16_1_18_3,116118
43,PT,MGDG_34_4_16_1_18_3,58959
44,PT,MGDG_34_4_16_1_18_3,110090
45,PT,MGDG_34_4_16_1_18_3,73361
46,PT,MGDG_34_4_16_1_18_3,105709
47,PT,MGDG_34_4_16_1_18_3,28274
4,B73,MGDG_34_6_16_3_18_3,31787
5,B73,MGDG_34_6_16_3_18_3,25280
7,B73,MGDG_34_6_16_3_18_3,53042
12,B73,MGDG_34_6_16_3_18_3,40050
14,B73,MGDG_34_6_16_3_18_3,30465
17,B73,MGDG_34_6_16_3_18_3,37507
20,B73,MGDG_34_6_16_3_18_3,19986
22,B73,MGDG_34_6_16_3_18_3,25958
28,CML312,MGDG_34_6_16_3_18_3,23058
29,CML312,MGDG_34_6_16_3_18_3,23408
30,CML312,MGDG_34_6_16_3_18_3,15050
31,CML312,MGDG_34_6_16_3_18_3,24779
32,CML312,MGDG_34_6_16_3_18_3,22682
33,CML312,MGDG_34_6_16_3_18_3,15290
34,CML312,MGDG_34_6_16_3_18_3,25221
35,CML312,MGDG_34_6_16_3_18_3,23702
40,PT,MGDG_34_6_16_3_18_3,156118
41,PT,MGDG_34_6_16_3_18_3,93036
42,PT,MGDG_34_6_16_3_18_3,87552
43,PT,MGDG_34_6_16_3_18_3,40092
44,PT,MGDG_34_6_16_3_18_3,79597
45,PT,MGDG_34_6_16_3_18_3,95100
46,PT,MGDG_34_6_16_3_18_3,79552
47,PT,MGDG_34_6_16_3_18_3,62795
4,B73,MGDG_35_3_17_0_18_3,43427
5,B73,MGDG_35_3_17_0_18_3,41199
7,B73,MGDG_35_3_17_0_18_3,51363
12,B73,MGDG_35_3_17_0_18_3,39300
14,B73,MGDG_35_3_17_0_18_3,44089
17,B73,MGDG_35_3_17_0_18_3,41868
20,B73,MGDG_35_3_17_0_18_3,29846
22,B73,MGDG_35_3_17_0_18_3,30337
28,CML312,MGDG_35_3_17_0_18_3,57487
29,CML312,MGDG_35_3_17_0_18_3,50130
30,CML312,MGDG_35_3_17_0_18_3,42307
31,CML312,MGDG_35_3_17_0_18_3,56795
32,CML312,MGDG_35_3_17_0_18_3,56687
33,CML312,MGDG_35_3_17_0_18_3,39138
34,CML312,MGDG_35_3_17_0_18_3,48600
35,CML312,MGDG_35_3_17_0_18_3,47856
40,PT,MGDG_35_3_17_0_18_3,64645
41,PT,MGDG_35_3_17_0_18_3,61568
42,PT,MGDG_35_3_17_0_18_3,49947
43,PT,MGDG_35_3_17_0_18_3,45497
44,PT,MGDG_35_3_17_0_18_3,55662
45,PT,MGDG_35_3_17_0_18_3,74533
46,PT,MGDG_35_3_17_0_18_3,53064
47,PT,MGDG_35_3_17_0_18_3,63502
4,B73,MGDG_36_3_18_0_18_3,128444
5,B73,MGDG_36_3_18_0_18_3,113708
7,B73,MGDG_36_3_18_0_18_3,157983
12,B73,MGDG_36_3_18_0_18_3,106954
14,B73,MGDG_36_3_18_0_18_3,129842
17,B73,MGDG_36_3_18_0_18_3,129506
20,B73,MGDG_36_3_18_0_18_3,77986
22,B73,MGDG_36_3_18_0_18_3,105073
28,CML312,MGDG_36_3_18_0_18_3,135505
29,CML312,MGDG_36_3_18_0_18_3,115521
30,CML312,MGDG_36_3_18_0_18_3,111290
31,CML312,MGDG_36_3_18_0_18_3,79638
32,CML312,MGDG_36_3_18_0_18_3,187824
33,CML312,MGDG_36_3_18_0_18_3,70751
34,CML312,MGDG_36_3_18_0_18_3,79313
35,CML312,MGDG_36_3_18_0_18_3,120181
40,PT,MGDG_36_3_18_0_18_3,211102
41,PT,MGDG_36_3_18_0_18_3,170814
42,PT,MGDG_36_3_18_0_18_3,155047
43,PT,MGDG_36_3_18_0_18_3,128432
44,PT,MGDG_36_3_18_0_18_3,139625
45,PT,MGDG_36_3_18_0_18_3,191043
46,PT,MGDG_36_3_18_0_18_3,188947
47,PT,MGDG_36_3_18_0_18_3,187649
4,B73,MGDG_36_3_18_1_18_2,42869
5,B73,MGDG_36_3_18_1_18_2,36199
7,B73,MGDG_36_3_18_1_18_2,56768
12,B73,MGDG_36_3_18_1_18_2,16776
14,B73,MGDG_36_3_18_1_18_2,30902
17,B73,MGDG_36_3_18_1_18_2,39291
20,B73,MGDG_36_3_18_1_18_2,31134
22,B73,MGDG_36_3_18_1_18_2,35557
28,CML312,MGDG_36_3_18_1_18_2,38995
29,CML312,MGDG_36_3_18_1_18_2,39083
30,CML312,MGDG_36_3_18_1_18_2,19839
31,CML312,MGDG_36_3_18_1_18_2,5418
32,CML312,MGDG_36_3_18_1_18_2,41678
33,CML312,MGDG_36_3_18_1_18_2,25093
34,CML312,MGDG_36_3_18_1_18_2,20314
35,CML312,MGDG_36_3_18_1_18_2,46278
40,PT,MGDG_36_3_18_1_18_2,57271
41,PT,MGDG_36_3_18_1_18_2,37122
42,PT,MGDG_36_3_18_1_18_2,45731
43,PT,MGDG_36_3_18_1_18_2,45081
44,PT,MGDG_36_3_18_1_18_2,31085
45,PT,MGDG_36_3_18_1_18_2,45568
46,PT,MGDG_36_3_18_1_18_2,39638
47,PT,MGDG_36_3_18_1_18_2,47336
4,B73,MGDG_36_6_18_2_18_4,64089
5,B73,MGDG_36_6_18_2_18_4,47456
7,B73,MGDG_36_6_18_2_18_4,80192
12,B73,MGDG_36_6_18_2_18_4,20705
14,B73,MGDG_36_6_18_2_18_4,57906
17,B73,MGDG_36_6_18_2_18_4,55026
20,B73,MGDG_36_6_18_2_18_4,33878
22,B73,MGDG_36_6_18_2_18_4,42081
28,CML312,MGDG_36_6_18_2_18_4,27199
29,CML312,MGDG_36_6_18_2_18_4,42568
30,CML312,MGDG_36_6_18_2_18_4,44174
31,CML312,MGDG_36_6_18_2_18_4,42139
32,CML312,MGDG_36_6_18_2_18_4,45570
33,CML312,MGDG_36_6_18_2_18_4,21530
34,CML312,MGDG_36_6_18_2_18_4,39487
35,CML312,MGDG_36_6_18_2_18_4,39922
40,PT,MGDG_36_6_18_2_18_4,115832
41,PT,MGDG_36_6_18_2_18_4,96591
42,PT,MGDG_36_6_18_2_18_4,94573
43,PT,MGDG_36_6_18_2_18_4,61507
44,PT,MGDG_36_6_18_2_18_4,91578
45,PT,MGDG_36_6_18_2_18_4,101907
46,PT,MGDG_36_6_18_2_18_4,87821
47,PT,MGDG_36_6_18_2_18_4,72746
4,B73,MGDG_36_6_18_3_18_3,728618
5,B73,MGDG_36_6_18_3_18_3,910131
7,B73,MGDG_36_6_18_3_18_3,621918
12,B73,MGDG_36_6_18_3_18_3,494162
14,B73,MGDG_36_6_18_3_18_3,799237
17,B73,MGDG_36_6_18_3_18_3,1123679
20,B73,MGDG_36_6_18_3_18_3,665966
22,B73,MGDG_36_6_18_3_18_3,702639
28,CML312,MGDG_36_6_18_3_18_3,401593
29,CML312,MGDG_36_6_18_3_18_3,320048
30,CML312,MGDG_36_6_18_3_18_3,227356
31,CML312,MGDG_36_6_18_3_18_3,187598
32,CML312,MGDG_36_6_18_3_18_3,225479
33,CML312,MGDG_36_6_18_3_18_3,810375
34,CML312,MGDG_36_6_18_3_18_3,783363
35,CML312,MGDG_36_6_18_3_18_3,184732
40,PT,MGDG_36_6_18_3_18_3,766430
41,PT,MGDG_36_6_18_3_18_3,405459
42,PT,MGDG_36_6_18_3_18_3,580641
43,PT,MGDG_36_6_18_3_18_3,595283
44,PT,MGDG_36_6_18_3_18_3,242556
45,PT,MGDG_36_6_18_3_18_3,415736
46,PT,MGDG_36_6_18_3_18_3,202504
47,PT,MGDG_36_6_18_3_18_3,161518
4,B73,MGDG_36_7_18_3_18_4,42881
5,B73,MGDG_36_7_18_3_18_4,27780
7,B73,MGDG_36_7_18_3_18_4,53553
12,B73,MGDG_36_7_18_3_18_4,42229
14,B73,MGDG_36_7_18_3_18_4,44463
17,B73,MGDG_36_7_18_3_18_4,40480
20,B73,MGDG_36_7_18_3_18_4,20997
22,B73,MGDG_36_7_18_3_18_4,26888
28,CML312,MGDG_36_7_18_3_18_4,34473
29,CML312,MGDG_36_7_18_3_18_4,29908
30,CML312,MGDG_36_7_18_3_18_4,28926
31,CML312,MGDG_36_7_18_3_18_4,29629
32,CML312,MGDG_36_7_18_3_18_4,14314
33,CML312,MGDG_36_7_18_3_18_4,36117
34,CML312,MGDG_36_7_18_3_18_4,50788
35,CML312,MGDG_36_7_18_3_18_4,25768
40,PT,MGDG_36_7_18_3_18_4,221143
41,PT,MGDG_36_7_18_3_18_4,106453
42,PT,MGDG_36_7_18_3_18_4,89577
43,PT,MGDG_36_7_18_3_18_4,50389
44,PT,MGDG_36_7_18_3_18_4,140179
45,PT,MGDG_36_7_18_3_18_4,127966
46,PT,MGDG_36_7_18_3_18_4,93890
47,PT,MGDG_36_7_18_3_18_4,107720
4,B73,MGDG_38_5_20_2_18_3,30613
5,B73,MGDG_38_5_20_2_18_3,27335
7,B73,MGDG_38_5_20_2_18_3,32243
12,B73,MGDG_38_5_20_2_18_3,22097
14,B73,MGDG_38_5_20_2_18_3,36566
17,B73,MGDG_38_5_20_2_18_3,28783
20,B73,MGDG_38_5_20_2_18_3,20823
22,B73,MGDG_38_5_20_2_18_3,24773
28,CML312,MGDG_38_5_20_2_18_3,30440
29,CML312,MGDG_38_5_20_2_18_3,20359
30,CML312,MGDG_38_5_20_2_18_3,20717
31,CML312,MGDG_38_5_20_2_18_3,23290
32,CML312,MGDG_38_5_20_2_18_3,24460
33,CML312,MGDG_38_5_20_2_18_3,10870
34,CML312,MGDG_38_5_20_2_18_3,14761
35,CML312,MGDG_38_5_20_2_18_3,19977
40,PT,MGDG_38_5_20_2_18_3,41217
41,PT,MGDG_38_5_20_2_18_3,32066
42,PT,MGDG_38_5_20_2_18_3,32339
43,PT,MGDG_38_5_20_2_18_3,31006
44,PT,MGDG_38_5_20_2_18_3,24557
45,PT,MGDG_38_5_20_2_18_3,35814
46,PT,MGDG_38_5_20_2_18_3,31451
47,PT,MGDG_38_5_20_2_18_3,31032
4,B73,MGDG_38_6_18_3_20_3,80220
5,B73,MGDG_38_6_18_3_20_3,63113
7,B73,MGDG_38_6_18_3_20_3,103737
12,B73,MGDG_38_6_18_3_20_3,74053
14,B73,MGDG_38_6_18_3_20_3,61356
17,B73,MGDG_38_6_18_3_20_3,67831
20,B73,MGDG_38_6_18_3_20_3,43181
22,B73,MGDG_38_6_18_3_20_3,57299
28,CML312,MGDG_38_6_18_3_20_3,43431
29,CML312,MGDG_38_6_18_3_20_3,49263
30,CML312,MGDG_38_6_18_3_20_3,46215
31,CML312,MGDG_38_6_18_3_20_3,52188
32,CML312,MGDG_38_6_18_3_20_3,72955
33,CML312,MGDG_38_6_18_3_20_3,45549
34,CML312,MGDG_38_6_18_3_20_3,86412
35,CML312,MGDG_38_6_18_3_20_3,43321
40,PT,MGDG_38_6_18_3_20_3,146603
41,PT,MGDG_38_6_18_3_20_3,160040
42,PT,MGDG_38_6_18_3_20_3,125054
43,PT,MGDG_38_6_18_3_20_3,91956
44,PT,MGDG_38_6_18_3_20_3,152044
45,PT,MGDG_38_6_18_3_20_3,190430
46,PT,MGDG_38_6_18_3_20_3,167697
47,PT,MGDG_38_6_18_3_20_3,124120
4,B73,PC_16_0_9_0_CHO,17209
5,B73,PC_16_0_9_0_CHO,26562
7,B73,PC_16_0_9_0_CHO,28635
12,B73,PC_16_0_9_0_CHO,16302
14,B73,PC_16_0_9_0_CHO,23176
17,B73,PC_16_0_9_0_CHO,16687
20,B73,PC_16_0_9_0_CHO,22486
22,B73,PC_16_0_9_0_CHO,18480
28,CML312,PC_16_0_9_0_CHO,30164
29,CML312,PC_16_0_9_0_CHO,34528
30,CML312,PC_16_0_9_0_CHO,35248
31,CML312,PC_16_0_9_0_CHO,68065
32,CML312,PC_16_0_9_0_CHO,30641
33,CML312,PC_16_0_9_0_CHO,3439
34,CML312,PC_16_0_9_0_CHO,17584
35,CML312,PC_16_0_9_0_CHO,31851
40,PT,PC_16_0_9_0_CHO,18645
41,PT,PC_16_0_9_0_CHO,26067
42,PT,PC_16_0_9_0_CHO,18224
43,PT,PC_16_0_9_0_CHO,33390
44,PT,PC_16_0_9_0_CHO,20795
45,PT,PC_16_0_9_0_CHO,16703
46,PT,PC_16_0_9_0_CHO,20130
47,PT,PC_16_0_9_0_CHO,22113
4,B73,PC_32_1,22912
5,B73,PC_32_1,16960
7,B73,PC_32_1,23641
12,B73,PC_32_1,34344
14,B73,PC_32_1,16202
17,B73,PC_32_1,20437
20,B73,PC_32_1,27585
22,B73,PC_32_1,25024
28,CML312,PC_32_1,25569
29,CML312,PC_32_1,32794
30,CML312,PC_32_1,26634
31,CML312,PC_32_1,42478
32,CML312,PC_32_1,28763
33,CML312,PC_32_1,30954
34,CML312,PC_32_1,33857
35,CML312,PC_32_1,36093
40,PT,PC_32_1,25926
41,PT,PC_32_1,30834
42,PT,PC_32_1,43611
43,PT,PC_32_1,31631
44,PT,PC_32_1,31976
45,PT,PC_32_1,34771
46,PT,PC_32_1,57152
47,PT,PC_32_1,52077
4,B73,PC_32_2,35670
5,B73,PC_32_2,34838
7,B73,PC_32_2,34946
12,B73,PC_32_2,60893
14,B73,PC_32_2,24163
17,B73,PC_32_2,31677
20,B73,PC_32_2,53473
22,B73,PC_32_2,36410
28,CML312,PC_32_2,32199
29,CML312,PC_32_2,41662
30,CML312,PC_32_2,34937
31,CML312,PC_32_2,54804
32,CML312,PC_32_2,36912
33,CML312,PC_32_2,30930
34,CML312,PC_32_2,31182
35,CML312,PC_32_2,45031
40,PT,PC_32_2,28736
41,PT,PC_32_2,35149
42,PT,PC_32_2,51566
43,PT,PC_32_2,39936
44,PT,PC_32_2,37736
45,PT,PC_32_2,43917
46,PT,PC_32_2,55948
47,PT,PC_32_2,43428
4,B73,PC_33_2,45383
5,B73,PC_33_2,65664
7,B73,PC_33_2,67325
12,B73,PC_33_2,67888
14,B73,PC_33_2,93901
17,B73,PC_33_2,88492
20,B73,PC_33_2,79569
22,B73,PC_33_2,65425
28,CML312,PC_33_2,75287
29,CML312,PC_33_2,68366
30,CML312,PC_33_2,82043
31,CML312,PC_33_2,99462
32,CML312,PC_33_2,72673
33,CML312,PC_33_2,55320
34,CML312,PC_33_2,45436
35,CML312,PC_33_2,82153
40,PT,PC_33_2,68841
41,PT,PC_33_2,96435
42,PT,PC_33_2,60574
43,PT,PC_33_2,53571
44,PT,PC_33_2,47881
45,PT,PC_33_2,59912
46,PT,PC_33_2,81334
47,PT,PC_33_2,88248
4,B73,PC_34_0,9807
5,B73,PC_34_0,8434
7,B73,PC_34_0,8203
12,B73,PC_34_0,6595
14,B73,PC_34_0,5900
17,B73,PC_34_0,6914
20,B73,PC_34_0,8379
22,B73,PC_34_0,7784
28,CML312,PC_34_0,13267
29,CML312,PC_34_0,12153
30,CML312,PC_34_0,10228
31,CML312,PC_34_0,11147
32,CML312,PC_34_0,10730
33,CML312,PC_34_0,4348
34,CML312,PC_34_0,7696
35,CML312,PC_34_0,10733
40,PT,PC_34_0,9478
41,PT,PC_34_0,2559
42,PT,PC_34_0,7491
43,PT,PC_34_0,7028
44,PT,PC_34_0,2157
45,PT,PC_34_0,9457
46,PT,PC_34_0,4108
47,PT,PC_34_0,3648
4,B73,PC_34_1,593424
5,B73,PC_34_1,602631
7,B73,PC_34_1,562038
12,B73,PC_34_1,699727
14,B73,PC_34_1,528982
17,B73,PC_34_1,573536
20,B73,PC_34_1,741277
22,B73,PC_34_1,557776
28,CML312,PC_34_1,750347
29,CML312,PC_34_1,851929
30,CML312,PC_34_1,754338
31,CML312,PC_34_1,945309
32,CML312,PC_34_1,756457
33,CML312,PC_34_1,414149
34,CML312,PC_34_1,488553
35,CML312,PC_34_1,936352
40,PT,PC_34_1,662117
41,PT,PC_34_1,830551
42,PT,PC_34_1,788398
43,PT,PC_34_1,924703
44,PT,PC_34_1,677302
45,PT,PC_34_1,892178
46,PT,PC_34_1,932871
47,PT,PC_34_1,1089040
4,B73,PC_34_3,2374786
5,B73,PC_34_3,2159031
7,B73,PC_34_3,2189810
12,B73,PC_34_3,1827517
14,B73,PC_34_3,2013620
17,B73,PC_34_3,2064281
20,B73,PC_34_3,2316689
22,B73,PC_34_3,2041526
28,CML312,PC_34_3,3827655
29,CML312,PC_34_3,4518583
30,CML312,PC_34_3,4483859
31,CML312,PC_34_3,4792265
32,CML312,PC_34_3,5714615
33,CML312,PC_34_3,4270350
34,CML312,PC_34_3,5501700
35,CML312,PC_34_3,3925479
40,PT,PC_34_3,3053354
41,PT,PC_34_3,3934231
42,PT,PC_34_3,4847335
43,PT,PC_34_3,4584751
44,PT,PC_34_3,5593919
45,PT,PC_34_3,3248625
46,PT,PC_34_3,4484353
47,PT,PC_34_3,4015525
4,B73,PC_34_4,45565
5,B73,PC_34_4,47623
7,B73,PC_34_4,48456
12,B73,PC_34_4,56575
14,B73,PC_34_4,50957
17,B73,PC_34_4,49290
20,B73,PC_34_4,52844
22,B73,PC_34_4,45838
28,CML312,PC_34_4,52784
29,CML312,PC_34_4,60555
30,CML312,PC_34_4,55415
31,CML312,PC_34_4,55571
32,CML312,PC_34_4,60943
33,CML312,PC_34_4,34470
34,CML312,PC_34_4,51366
35,CML312,PC_34_4,54287
40,PT,PC_34_4,62508
41,PT,PC_34_4,91258
42,PT,PC_34_4,61017
43,PT,PC_34_4,56432
44,PT,PC_34_4,67856
45,PT,PC_34_4,54460
46,PT,PC_34_4,68284
47,PT,PC_34_4,70677
4,B73,PC_35_1,9275
5,B73,PC_35_1,11605
7,B73,PC_35_1,8504
12,B73,PC_35_1,8538
14,B73,PC_35_1,12279
17,B73,PC_35_1,11630
20,B73,PC_35_1,9798
22,B73,PC_35_1,8955
28,CML312,PC_35_1,15294
29,CML312,PC_35_1,16553
30,CML312,PC_35_1,10977
31,CML312,PC_35_1,13953
32,CML312,PC_35_1,12461
33,CML312,PC_35_1,4249
34,CML312,PC_35_1,5042
35,CML312,PC_35_1,11192
40,PT,PC_35_1,12262
41,PT,PC_35_1,12464
42,PT,PC_35_1,9279
43,PT,PC_35_1,10304
44,PT,PC_35_1,9715
45,PT,PC_35_1,12256
46,PT,PC_35_1,7487
47,PT,PC_35_1,13302
4,B73,PC_35_2,96481
5,B73,PC_35_2,100707
7,B73,PC_35_2,85273
12,B73,PC_35_2,107112
14,B73,PC_35_2,90283
17,B73,PC_35_2,83124
20,B73,PC_35_2,129100
22,B73,PC_35_2,88639
28,CML312,PC_35_2,135022
29,CML312,PC_35_2,144805
30,CML312,PC_35_2,110597
31,CML312,PC_35_2,162185
32,CML312,PC_35_2,100609
33,CML312,PC_35_2,143694
34,CML312,PC_35_2,88913
35,CML312,PC_35_2,155613
40,PT,PC_35_2,74321
41,PT,PC_35_2,51514
42,PT,PC_35_2,74014
43,PT,PC_35_2,91139
44,PT,PC_35_2,78861
45,PT,PC_35_2,79885
46,PT,PC_35_2,70582
47,PT,PC_35_2,101877
4,B73,PC_36_1,30878
5,B73,PC_36_1,29445
7,B73,PC_36_1,25822
12,B73,PC_36_1,29210
14,B73,PC_36_1,26513
17,B73,PC_36_1,26681
20,B73,PC_36_1,35548
22,B73,PC_36_1,31394
28,CML312,PC_36_1,41053
29,CML312,PC_36_1,43198
30,CML312,PC_36_1,39437
31,CML312,PC_36_1,51339
32,CML312,PC_36_1,54472
33,CML312,PC_36_1,30076
34,CML312,PC_36_1,9709
35,CML312,PC_36_1,58257
40,PT,PC_36_1,29741
41,PT,PC_36_1,32256
42,PT,PC_36_1,37632
43,PT,PC_36_1,42412
44,PT,PC_36_1,25266
45,PT,PC_36_1,38905
46,PT,PC_36_1,41349
47,PT,PC_36_1,49250
4,B73,PC_36_2,554926
5,B73,PC_36_2,563691
7,B73,PC_36_2,505330
12,B73,PC_36_2,750544
14,B73,PC_36_2,428235
17,B73,PC_36_2,541436
20,B73,PC_36_2,770253
22,B73,PC_36_2,568061
28,CML312,PC_36_2,598789
29,CML312,PC_36_2,755152
30,CML312,PC_36_2,685634
31,CML312,PC_36_2,889175
32,CML312,PC_36_2,837560
33,CML312,PC_36_2,444131
34,CML312,PC_36_2,352177
35,CML312,PC_36_2,918890
40,PT,PC_36_2,563132
41,PT,PC_36_2,638616
42,PT,PC_36_2,659992
43,PT,PC_36_2,691823
44,PT,PC_36_2,541946
45,PT,PC_36_2,621842
46,PT,PC_36_2,685109
47,PT,PC_36_2,813626
4,B73,PC_36_3_A,546364
5,B73,PC_36_3_A,542129
7,B73,PC_36_3_A,530536
12,B73,PC_36_3_A,795576
14,B73,PC_36_3_A,382190
17,B73,PC_36_3_A,474299
20,B73,PC_36_3_A,696614
22,B73,PC_36_3_A,475869
28,CML312,PC_36_3_A,542995
29,CML312,PC_36_3_A,686050
30,CML312,PC_36_3_A,633915
31,CML312,PC_36_3_A,805256
32,CML312,PC_36_3_A,474810
33,CML312,PC_36_3_A,514134
34,CML312,PC_36_3_A,423211
35,CML312,PC_36_3_A,840744
40,PT,PC_36_3_A,441486
41,PT,PC_36_3_A,472270
42,PT,PC_36_3_A,500295
43,PT,PC_36_3_A,653481
44,PT,PC_36_3_A,415834
45,PT,PC_36_3_A,579562
46,PT,PC_36_3_A,557452
47,PT,PC_36_3_A,786986
4,B73,PC_36_3_B,454028
5,B73,PC_36_3_B,429371
7,B73,PC_36_3_B,404848
12,B73,PC_36_3_B,492854
14,B73,PC_36_3_B,360169
17,B73,PC_36_3_B,399846
20,B73,PC_36_3_B,435098
22,B73,PC_36_3_B,349511
28,CML312,PC_36_3_B,674780
29,CML312,PC_36_3_B,713075
30,CML312,PC_36_3_B,781671
31,CML312,PC_36_3_B,857995
32,CML312,PC_36_3_B,1413439
33,CML312,PC_36_3_B,586776
34,CML312,PC_36_3_B,534759
35,CML312,PC_36_3_B,788058
40,PT,PC_36_3_B,450129
41,PT,PC_36_3_B,546115
42,PT,PC_36_3_B,682065
43,PT,PC_36_3_B,621286
44,PT,PC_36_3_B,699038
45,PT,PC_36_3_B,452038
46,PT,PC_36_3_B,604480
47,PT,PC_36_3_B,695749
4,B73,PC_36_4_A,2907917
5,B73,PC_36_4_A,2656683
7,B73,PC_36_4_A,2575401
12,B73,PC_36_4_A,3606647
14,B73,PC_36_4_A,2126188
17,B73,PC_36_4_A,2502904
20,B73,PC_36_4_A,3680785
22,B73,PC_36_4_A,2737498
28,CML312,PC_36_4_A,2228911
29,CML312,PC_36_4_A,2907819
30,CML312,PC_36_4_A,2752223
31,CML312,PC_36_4_A,3196305
32,CML312,PC_36_4_A,1702368
33,CML312,PC_36_4_A,3082368
34,CML312,PC_36_4_A,2469309
35,CML312,PC_36_4_A,3457812
40,PT,PC_36_4_A,1920191
41,PT,PC_36_4_A,2251836
42,PT,PC_36_4_A,2452987
43,PT,PC_36_4_A,3297959
44,PT,PC_36_4_A,1942002
45,PT,PC_36_4_A,2322639
46,PT,PC_36_4_A,2501568
47,PT,PC_36_4_A,2698525
4,B73,PC_36_4_B,19115
5,B73,PC_36_4_B,18034
7,B73,PC_36_4_B,16460
12,B73,PC_36_4_B,20941
14,B73,PC_36_4_B,22682
17,B73,PC_36_4_B,15851
20,B73,PC_36_4_B,20319
22,B73,PC_36_4_B,16944
28,CML312,PC_36_4_B,17973
29,CML312,PC_36_4_B,19333
30,CML312,PC_36_4_B,15297
31,CML312,PC_36_4_B,17400
32,CML312,PC_36_4_B,25433
33,CML312,PC_36_4_B,19985
34,CML312,PC_36_4_B,23204
35,CML312,PC_36_4_B,15744
40,PT,PC_36_4_B,5594
41,PT,PC_36_4_B,22724
42,PT,PC_36_4_B,17889
43,PT,PC_36_4_B,9360
44,PT,PC_36_4_B,17976
45,PT,PC_36_4_B,23144
46,PT,PC_36_4_B,22222
47,PT,PC_36_4_B,21576
4,B73,PC_36_5_A,3068852
5,B73,PC_36_5_A,2494230
7,B73,PC_36_5_A,3138801
12,B73,PC_36_5_A,4553687
14,B73,PC_36_5_A,2575007
17,B73,PC_36_5_A,2786929
20,B73,PC_36_5_A,3395381
22,B73,PC_36_5_A,2635990
28,CML312,PC_36_5_A,2881877
29,CML312,PC_36_5_A,3790783
30,CML312,PC_36_5_A,4060922
31,CML312,PC_36_5_A,4633004
32,CML312,PC_36_5_A,4279892
33,CML312,PC_36_5_A,4157383
34,CML312,PC_36_5_A,4384103
35,CML312,PC_36_5_A,3981153
40,PT,PC_36_5_A,3052122
41,PT,PC_36_5_A,4152463
42,PT,PC_36_5_A,4782147
43,PT,PC_36_5_A,4502144
44,PT,PC_36_5_A,4989039
45,PT,PC_36_5_A,3670469
46,PT,PC_36_5_A,4594504
47,PT,PC_36_5_A,4761321
4,B73,PC_36_6_18_2_18_4,43129
5,B73,PC_36_6_18_2_18_4,46125
7,B73,PC_36_6_18_2_18_4,32027
12,B73,PC_36_6_18_2_18_4,16317
14,B73,PC_36_6_18_2_18_4,49582
17,B73,PC_36_6_18_2_18_4,33372
20,B73,PC_36_6_18_2_18_4,36835
22,B73,PC_36_6_18_2_18_4,29203
28,CML312,PC_36_6_18_2_18_4,56900
29,CML312,PC_36_6_18_2_18_4,79391
30,CML312,PC_36_6_18_2_18_4,83759
31,CML312,PC_36_6_18_2_18_4,78112
32,CML312,PC_36_6_18_2_18_4,83662
33,CML312,PC_36_6_18_2_18_4,75278
34,CML312,PC_36_6_18_2_18_4,107995
35,CML312,PC_36_6_18_2_18_4,58466
40,PT,PC_36_6_18_2_18_4,36060
41,PT,PC_36_6_18_2_18_4,43153
42,PT,PC_36_6_18_2_18_4,61683
43,PT,PC_36_6_18_2_18_4,76640
44,PT,PC_36_6_18_2_18_4,62015
45,PT,PC_36_6_18_2_18_4,43182
46,PT,PC_36_6_18_2_18_4,54204
47,PT,PC_36_6_18_2_18_4,36671
4,B73,PC_36_6_18_3_18_3,803198
5,B73,PC_36_6_18_3_18_3,578673
7,B73,PC_36_6_18_3_18_3,714552
12,B73,PC_36_6_18_3_18_3,917195
14,B73,PC_36_6_18_3_18_3,369353
17,B73,PC_36_6_18_3_18_3,733352
20,B73,PC_36_6_18_3_18_3,589113
22,B73,PC_36_6_18_3_18_3,622499
28,CML312,PC_36_6_18_3_18_3,939696
29,CML312,PC_36_6_18_3_18_3,1113009
30,CML312,PC_36_6_18_3_18_3,1532533
31,CML312,PC_36_6_18_3_18_3,1522978
32,CML312,PC_36_6_18_3_18_3,1983549
33,CML312,PC_36_6_18_3_18_3,1624113
34,CML312,PC_36_6_18_3_18_3,949883
35,CML312,PC_36_6_18_3_18_3,1087535
40,PT,PC_36_6_18_3_18_3,950397
41,PT,PC_36_6_18_3_18_3,1127057
42,PT,PC_36_6_18_3_18_3,1462879
43,PT,PC_36_6_18_3_18_3,1209815
44,PT,PC_36_6_18_3_18_3,1786939
45,PT,PC_36_6_18_3_18_3,833210
46,PT,PC_36_6_18_3_18_3,1536399
47,PT,PC_36_6_18_3_18_3,1659624
4,B73,PC_38_2,20399
5,B73,PC_38_2,18847
7,B73,PC_38_2,16971
12,B73,PC_38_2,30233
14,B73,PC_38_2,16709
17,B73,PC_38_2,18369
20,B73,PC_38_2,28800
22,B73,PC_38_2,20680
28,CML312,PC_38_2,22162
29,CML312,PC_38_2,27739
30,CML312,PC_38_2,28310
31,CML312,PC_38_2,37538
32,CML312,PC_38_2,37657
33,CML312,PC_38_2,30794
34,CML312,PC_38_2,23621
35,CML312,PC_38_2,30615
40,PT,PC_38_2,17878
41,PT,PC_38_2,9394
42,PT,PC_38_2,20007
43,PT,PC_38_2,29778
44,PT,PC_38_2,25753
45,PT,PC_38_2,26497
46,PT,PC_38_2,26543
47,PT,PC_38_2,25224
4,B73,PC_38_3,35411
5,B73,PC_38_3,33221
7,B73,PC_38_3,31274
12,B73,PC_38_3,37162
14,B73,PC_38_3,24979
17,B73,PC_38_3,32493
20,B73,PC_38_3,44494
22,B73,PC_38_3,27147
28,CML312,PC_38_3,29609
29,CML312,PC_38_3,37798
30,CML312,PC_38_3,33233
31,CML312,PC_38_3,42366
32,CML312,PC_38_3,24966
33,CML312,PC_38_3,21868
34,CML312,PC_38_3,26011
35,CML312,PC_38_3,46140
40,PT,PC_38_3,40181
41,PT,PC_38_3,35457
42,PT,PC_38_3,37190
43,PT,PC_38_3,36101
44,PT,PC_38_3,27852
45,PT,PC_38_3,44932
46,PT,PC_38_3,43750
47,PT,PC_38_3,52225
4,B73,PC_38_4_18_2_20_2,68766
5,B73,PC_38_4_18_2_20_2,68047
7,B73,PC_38_4_18_2_20_2,62719
12,B73,PC_38_4_18_2_20_2,95340
14,B73,PC_38_4_18_2_20_2,48563
17,B73,PC_38_4_18_2_20_2,64326
20,B73,PC_38_4_18_2_20_2,97966
22,B73,PC_38_4_18_2_20_2,62417
28,CML312,PC_38_4_18_2_20_2,52540
29,CML312,PC_38_4_18_2_20_2,70343
30,CML312,PC_38_4_18_2_20_2,63824
31,CML312,PC_38_4_18_2_20_2,79667
32,CML312,PC_38_4_18_2_20_2,48271
33,CML312,PC_38_4_18_2_20_2,55617
34,CML312,PC_38_4_18_2_20_2,61666
35,CML312,PC_38_4_18_2_20_2,78673
40,PT,PC_38_4_18_2_20_2,58488
41,PT,PC_38_4_18_2_20_2,64653
42,PT,PC_38_4_18_2_20_2,69582
43,PT,PC_38_4_18_2_20_2,84555
44,PT,PC_38_4_18_2_20_2,60540
45,PT,PC_38_4_18_2_20_2,82637
46,PT,PC_38_4_18_2_20_2,96354
47,PT,PC_38_4_18_2_20_2,86977
4,B73,PC_38_5_A,15603
5,B73,PC_38_5_A,14139
7,B73,PC_38_5_A,20693
12,B73,PC_38_5_A,15510
14,B73,PC_38_5_A,20086
17,B73,PC_38_5_A,17044
20,B73,PC_38_5_A,12499
22,B73,PC_38_5_A,14555
28,CML312,PC_38_5_A,11254
29,CML312,PC_38_5_A,8497
30,CML312,PC_38_5_A,9833
31,CML312,PC_38_5_A,12829
32,CML312,PC_38_5_A,13910
33,CML312,PC_38_5_A,2194
34,CML312,PC_38_5_A,25373
35,CML312,PC_38_5_A,9511
40,PT,PC_38_5_A,38749
41,PT,PC_38_5_A,30815
42,PT,PC_38_5_A,27050
43,PT,PC_38_5_A,16257
44,PT,PC_38_5_A,26193
45,PT,PC_38_5_A,37218
46,PT,PC_38_5_A,30321
47,PT,PC_38_5_A,26977
4,B73,PE_32_0_16_0_16_0,5914
5,B73,PE_32_0_16_0_16_0,59566
7,B73,PE_32_0_16_0_16_0,25834
12,B73,PE_32_0_16_0_16_0,39788
14,B73,PE_32_0_16_0_16_0,74952
17,B73,PE_32_0_16_0_16_0,86838
20,B73,PE_32_0_16_0_16_0,52207
22,B73,PE_32_0_16_0_16_0,52159
28,CML312,PE_32_0_16_0_16_0,77656
29,CML312,PE_32_0_16_0_16_0,45149
30,CML312,PE_32_0_16_0_16_0,50499
31,CML312,PE_32_0_16_0_16_0,33280
32,CML312,PE_32_0_16_0_16_0,51169
33,CML312,PE_32_0_16_0_16_0,61524
34,CML312,PE_32_0_16_0_16_0,60631
35,CML312,PE_32_0_16_0_16_0,48948
40,PT,PE_32_0_16_0_16_0,357439
41,PT,PE_32_0_16_0_16_0,45438
42,PT,PE_32_0_16_0_16_0,4414
43,PT,PE_32_0_16_0_16_0,1927
44,PT,PE_32_0_16_0_16_0,45984
45,PT,PE_32_0_16_0_16_0,53239
46,PT,PE_32_0_16_0_16_0,48352
47,PT,PE_32_0_16_0_16_0,37912
4,B73,PE_34_2,412633
5,B73,PE_34_2,262449
7,B73,PE_34_2,458595
12,B73,PE_34_2,467224
14,B73,PE_34_2,313364
17,B73,PE_34_2,420286
20,B73,PE_34_2,486791
22,B73,PE_34_2,156560
28,CML312,PE_34_2,657837
29,CML312,PE_34_2,671304
30,CML312,PE_34_2,618584
31,CML312,PE_34_2,570034
32,CML312,PE_34_2,369367
33,CML312,PE_34_2,490095
34,CML312,PE_34_2,319210
35,CML312,PE_34_2,671463
40,PT,PE_34_2,428274
41,PT,PE_34_2,593679
42,PT,PE_34_2,604690
43,PT,PE_34_2,364205
44,PT,PE_34_2,784640
45,PT,PE_34_2,774981
46,PT,PE_34_2,529521
47,PT,PE_34_2,444007
4,B73,PE_36_3_18_0_18_3,10033
5,B73,PE_36_3_18_0_18_3,7500
7,B73,PE_36_3_18_0_18_3,11879
12,B73,PE_36_3_18_0_18_3,11114
14,B73,PE_36_3_18_0_18_3,10442
17,B73,PE_36_3_18_0_18_3,11327
20,B73,PE_36_3_18_0_18_3,12740
22,B73,PE_36_3_18_0_18_3,4384
28,CML312,PE_36_3_18_0_18_3,29616
29,CML312,PE_36_3_18_0_18_3,23460
30,CML312,PE_36_3_18_0_18_3,29053
31,CML312,PE_36_3_18_0_18_3,21618
32,CML312,PE_36_3_18_0_18_3,39771
33,CML312,PE_36_3_18_0_18_3,39413
34,CML312,PE_36_3_18_0_18_3,5868
35,CML312,PE_36_3_18_0_18_3,20934
40,PT,PE_36_3_18_0_18_3,12271
41,PT,PE_36_3_18_0_18_3,10558
42,PT,PE_36_3_18_0_18_3,13943
43,PT,PE_36_3_18_0_18_3,6504
44,PT,PE_36_3_18_0_18_3,27489
45,PT,PE_36_3_18_0_18_3,15197
46,PT,PE_36_3_18_0_18_3,12471
47,PT,PE_36_3_18_0_18_3,10780
4,B73,PE_36_5_18_2_18_3,92157
5,B73,PE_36_5_18_2_18_3,44489
7,B73,PE_36_5_18_2_18_3,116528
12,B73,PE_36_5_18_2_18_3,133514
14,B73,PE_36_5_18_2_18_3,61372
17,B73,PE_36_5_18_2_18_3,96194
20,B73,PE_36_5_18_2_18_3,83611
22,B73,PE_36_5_18_2_18_3,15796
28,CML312,PE_36_5_18_2_18_3,161665
29,CML312,PE_36_5_18_2_18_3,160681
30,CML312,PE_36_5_18_2_18_3,171202
31,CML312,PE_36_5_18_2_18_3,143188
32,CML312,PE_36_5_18_2_18_3,174301
33,CML312,PE_36_5_18_2_18_3,112645
34,CML312,PE_36_5_18_2_18_3,88530
35,CML312,PE_36_5_18_2_18_3,144301
40,PT,PE_36_5_18_2_18_3,105816
41,PT,PE_36_5_18_2_18_3,153975
42,PT,PE_36_5_18_2_18_3,187443
43,PT,PE_36_5_18_2_18_3,81856
44,PT,PE_36_5_18_2_18_3,277155
45,PT,PE_36_5_18_2_18_3,178204
46,PT,PE_36_5_18_2_18_3,137615
47,PT,PE_36_5_18_2_18_3,109792
4,B73,PE_36_6_18_3_18_3,19030
5,B73,PE_36_6_18_3_18_3,1575
7,B73,PE_36_6_18_3_18_3,17399
12,B73,PE_36_6_18_3_18_3,16264
14,B73,PE_36_6_18_3_18_3,8187
17,B73,PE_36_6_18_3_18_3,14137
20,B73,PE_36_6_18_3_18_3,7578
22,B73,PE_36_6_18_3_18_3,3296
28,CML312,PE_36_6_18_3_18_3,35258
29,CML312,PE_36_6_18_3_18_3,29678
30,CML312,PE_36_6_18_3_18_3,40613
31,CML312,PE_36_6_18_3_18_3,27817
32,CML312,PE_36_6_18_3_18_3,65575
33,CML312,PE_36_6_18_3_18_3,24286
34,CML312,PE_36_6_18_3_18_3,18533
35,CML312,PE_36_6_18_3_18_3,22690
40,PT,PE_36_6_18_3_18_3,53210
41,PT,PE_36_6_18_3_18_3,19570
42,PT,PE_36_6_18_3_18_3,16144
43,PT,PE_36_6_18_3_18_3,15478
44,PT,PE_36_6_18_3_18_3,72343
45,PT,PE_36_6_18_3_18_3,23016
46,PT,PE_36_6_18_3_18_3,23057
47,PT,PE_36_6_18_3_18_3,17723
4,B73,PG_32_0_16_0_16_0,143218
5,B73,PG_32_0_16_0_16_0,148623
7,B73,PG_32_0_16_0_16_0,135248
12,B73,PG_32_0_16_0_16_0,111669
14,B73,PG_32_0_16_0_16_0,238075
17,B73,PG_32_0_16_0_16_0,157182
20,B73,PG_32_0_16_0_16_0,152077
22,B73,PG_32_0_16_0_16_0,153944
28,CML312,PG_32_0_16_0_16_0,169435
29,CML312,PG_32_0_16_0_16_0,140025
30,CML312,PG_32_0_16_0_16_0,145584
31,CML312,PG_32_0_16_0_16_0,121499
32,CML312,PG_32_0_16_0_16_0,120365
33,CML312,PG_32_0_16_0_16_0,71722
34,CML312,PG_32_0_16_0_16_0,34620
35,CML312,PG_32_0_16_0_16_0,143933
40,PT,PG_32_0_16_0_16_0,202265
41,PT,PG_32_0_16_0_16_0,153064
42,PT,PG_32_0_16_0_16_0,180734
43,PT,PG_32_0_16_0_16_0,150386
44,PT,PG_32_0_16_0_16_0,134061
45,PT,PG_32_0_16_0_16_0,138200
46,PT,PG_32_0_16_0_16_0,136247
47,PT,PG_32_0_16_0_16_0,118530
4,B73,PG_32_1_16_0_16_1,219065
5,B73,PG_32_1_16_0_16_1,221059
7,B73,PG_32_1_16_0_16_1,212787
12,B73,PG_32_1_16_0_16_1,215093
14,B73,PG_32_1_16_0_16_1,272149
17,B73,PG_32_1_16_0_16_1,225670
20,B73,PG_32_1_16_0_16_1,210559
22,B73,PG_32_1_16_0_16_1,225090
28,CML312,PG_32_1_16_0_16_1,209349
29,CML312,PG_32_1_16_0_16_1,202224
30,CML312,PG_32_1_16_0_16_1,196476
31,CML312,PG_32_1_16_0_16_1,153858
32,CML312,PG_32_1_16_0_16_1,197752
33,CML312,PG_32_1_16_0_16_1,98842
34,CML312,PG_32_1_16_0_16_1,149324
35,CML312,PG_32_1_16_0_16_1,204137
40,PT,PG_32_1_16_0_16_1,358486
41,PT,PG_32_1_16_0_16_1,365750
42,PT,PG_32_1_16_0_16_1,388566
43,PT,PG_32_1_16_0_16_1,296480
44,PT,PG_32_1_16_0_16_1,309644
45,PT,PG_32_1_16_0_16_1,319870
46,PT,PG_32_1_16_0_16_1,355145
47,PT,PG_32_1_16_0_16_1,320435
4,B73,PG_34_2_16_0_18_2,372066
5,B73,PG_34_2_16_0_18_2,348150
7,B73,PG_34_2_16_0_18_2,332954
12,B73,PG_34_2_16_0_18_2,279187
14,B73,PG_34_2_16_0_18_2,510165
17,B73,PG_34_2_16_0_18_2,353186
20,B73,PG_34_2_16_0_18_2,333168
22,B73,PG_34_2_16_0_18_2,356732
28,CML312,PG_34_2_16_0_18_2,402909
29,CML312,PG_34_2_16_0_18_2,350615
30,CML312,PG_34_2_16_0_18_2,358429
31,CML312,PG_34_2_16_0_18_2,303140
32,CML312,PG_34_2_16_0_18_2,273716
33,CML312,PG_34_2_16_0_18_2,199644
34,CML312,PG_34_2_16_0_18_2,190875
35,CML312,PG_34_2_16_0_18_2,361252
40,PT,PG_34_2_16_0_18_2,395536
41,PT,PG_34_2_16_0_18_2,276848
42,PT,PG_34_2_16_0_18_2,306132
43,PT,PG_34_2_16_0_18_2,343066
44,PT,PG_34_2_16_0_18_2,236607
45,PT,PG_34_2_16_0_18_2,279329
46,PT,PG_34_2_16_0_18_2,275294
47,PT,PG_34_2_16_0_18_2,281195
4,B73,PG_34_4_16_0_18_4,1070243
5,B73,PG_34_4_16_0_18_4,1293602
7,B73,PG_34_4_16_0_18_4,1111089
12,B73,PG_34_4_16_0_18_4,1172277
14,B73,PG_34_4_16_0_18_4,1329087
17,B73,PG_34_4_16_0_18_4,1153449
20,B73,PG_34_4_16_0_18_4,1062479
22,B73,PG_34_4_16_0_18_4,1093146
28,CML312,PG_34_4_16_0_18_4,986728
29,CML312,PG_34_4_16_0_18_4,964658
30,CML312,PG_34_4_16_0_18_4,798508
31,CML312,PG_34_4_16_0_18_4,840482
32,CML312,PG_34_4_16_0_18_4,774654
33,CML312,PG_34_4_16_0_18_4,535424
34,CML312,PG_34_4_16_0_18_4,799262
35,CML312,PG_34_4_16_0_18_4,904828
40,PT,PG_34_4_16_0_18_4,1453324
41,PT,PG_34_4_16_0_18_4,1951741
42,PT,PG_34_4_16_0_18_4,1755587
43,PT,PG_34_4_16_0_18_4,1396050
44,PT,PG_34_4_16_0_18_4,1631550
45,PT,PG_34_4_16_0_18_4,1953589
46,PT,PG_34_4_16_0_18_4,1810436
47,PT,PG_34_4_16_0_18_4,1473335
4,B73,PG_34_5_16_1_18_4,16608
5,B73,PG_34_5_16_1_18_4,22759
7,B73,PG_34_5_16_1_18_4,12333
12,B73,PG_34_5_16_1_18_4,14708
14,B73,PG_34_5_16_1_18_4,25521
17,B73,PG_34_5_16_1_18_4,12605
20,B73,PG_34_5_16_1_18_4,26906
22,B73,PG_34_5_16_1_18_4,20963
28,CML312,PG_34_5_16_1_18_4,25609
29,CML312,PG_34_5_16_1_18_4,22655
30,CML312,PG_34_5_16_1_18_4,15482
31,CML312,PG_34_5_16_1_18_4,19428
32,CML312,PG_34_5_16_1_18_4,12345
33,CML312,PG_34_5_16_1_18_4,14749
34,CML312,PG_34_5_16_1_18_4,11055
35,CML312,PG_34_5_16_1_18_4,22206
40,PT,PG_34_5_16_1_18_4,17991
41,PT,PG_34_5_16_1_18_4,16643
42,PT,PG_34_5_16_1_18_4,16304
43,PT,PG_34_5_16_1_18_4,24779
44,PT,PG_34_5_16_1_18_4,23633
45,PT,PG_34_5_16_1_18_4,15337
46,PT,PG_34_5_16_1_18_4,16426
47,PT,PG_34_5_16_1_18_4,19630
4,B73,PG_36_7_18_3_18_4,11141
5,B73,PG_36_7_18_3_18_4,12982
7,B73,PG_36_7_18_3_18_4,12985
12,B73,PG_36_7_18_3_18_4,14716
14,B73,PG_36_7_18_3_18_4,19159
17,B73,PG_36_7_18_3_18_4,12107
20,B73,PG_36_7_18_3_18_4,10611
22,B73,PG_36_7_18_3_18_4,9916
28,CML312,PG_36_7_18_3_18_4,14558
29,CML312,PG_36_7_18_3_18_4,4559
30,CML312,PG_36_7_18_3_18_4,6279
31,CML312,PG_36_7_18_3_18_4,4572
32,CML312,PG_36_7_18_3_18_4,5544
33,CML312,PG_36_7_18_3_18_4,8293
34,CML312,PG_36_7_18_3_18_4,12544
35,CML312,PG_36_7_18_3_18_4,6374
40,PT,PG_36_7_18_3_18_4,32257
41,PT,PG_36_7_18_3_18_4,38816
42,PT,PG_36_7_18_3_18_4,26918
43,PT,PG_36_7_18_3_18_4,20786
44,PT,PG_36_7_18_3_18_4,31526
45,PT,PG_36_7_18_3_18_4,57685
46,PT,PG_36_7_18_3_18_4,42515
47,PT,PG_36_7_18_3_18_4,24440
4,B73,plasmenylPC_35_2_P14_0_21_2,21092
5,B73,plasmenylPC_35_2_P14_0_21_2,18188
7,B73,plasmenylPC_35_2_P14_0_21_2,18411
12,B73,plasmenylPC_35_2_P14_0_21_2,13220
14,B73,plasmenylPC_35_2_P14_0_21_2,28536
17,B73,plasmenylPC_35_2_P14_0_21_2,20300
20,B73,plasmenylPC_35_2_P14_0_21_2,17936
22,B73,plasmenylPC_35_2_P14_0_21_2,16537
28,CML312,plasmenylPC_35_2_P14_0_21_2,27934
29,CML312,plasmenylPC_35_2_P14_0_21_2,19185
30,CML312,plasmenylPC_35_2_P14_0_21_2,16896
31,CML312,plasmenylPC_35_2_P14_0_21_2,18376
32,CML312,plasmenylPC_35_2_P14_0_21_2,13483
33,CML312,plasmenylPC_35_2_P14_0_21_2,23731
34,CML312,plasmenylPC_35_2_P14_0_21_2,6458
35,CML312,plasmenylPC_35_2_P14_0_21_2,25796
40,PT,plasmenylPC_35_2_P14_0_21_2,14429
41,PT,plasmenylPC_35_2_P14_0_21_2,15403
42,PT,plasmenylPC_35_2_P14_0_21_2,8982
43,PT,plasmenylPC_35_2_P14_0_21_2,11584
44,PT,plasmenylPC_35_2_P14_0_21_2,10647
45,PT,plasmenylPC_35_2_P14_0_21_2,15031
46,PT,plasmenylPC_35_2_P14_0_21_2,12597
47,PT,plasmenylPC_35_2_P14_0_21_2,13741
4,B73,plasmenylPC_36_2_P14_0_22_2,611339
5,B73,plasmenylPC_36_2_P14_0_22_2,697155
7,B73,plasmenylPC_36_2_P14_0_22_2,701127
12,B73,plasmenylPC_36_2_P14_0_22_2,548868
14,B73,plasmenylPC_36_2_P14_0_22_2,1060360
17,B73,plasmenylPC_36_2_P14_0_22_2,747225
20,B73,plasmenylPC_36_2_P14_0_22_2,680131
22,B73,plasmenylPC_36_2_P14_0_22_2,663611
28,CML312,plasmenylPC_36_2_P14_0_22_2,1048623
29,CML312,plasmenylPC_36_2_P14_0_22_2,741660
30,CML312,plasmenylPC_36_2_P14_0_22_2,539320
31,CML312,plasmenylPC_36_2_P14_0_22_2,658426
32,CML312,plasmenylPC_36_2_P14_0_22_2,486267
33,CML312,plasmenylPC_36_2_P14_0_22_2,624305
34,CML312,plasmenylPC_36_2_P14_0_22_2,691582
35,CML312,plasmenylPC_36_2_P14_0_22_2,915545
40,PT,plasmenylPC_36_2_P14_0_22_2,786437
41,PT,plasmenylPC_36_2_P14_0_22_2,683182
42,PT,plasmenylPC_36_2_P14_0_22_2,546552
43,PT,plasmenylPC_36_2_P14_0_22_2,524080
44,PT,plasmenylPC_36_2_P14_0_22_2,454813
45,PT,plasmenylPC_36_2_P14_0_22_2,618178
46,PT,plasmenylPC_36_2_P14_0_22_2,536931
47,PT,plasmenylPC_36_2_P14_0_22_2,551088
4,B73,SM_39_10_d17_3_22_7,24830
5,B73,SM_39_10_d17_3_22_7,29379
7,B73,SM_39_10_d17_3_22_7,33820
12,B73,SM_39_10_d17_3_22_7,24055
14,B73,SM_39_10_d17_3_22_7,26960
17,B73,SM_39_10_d17_3_22_7,32196
20,B73,SM_39_10_d17_3_22_7,41271
22,B73,SM_39_10_d17_3_22_7,36374
28,CML312,SM_39_10_d17_3_22_7,20643
29,CML312,SM_39_10_d17_3_22_7,30876
30,CML312,SM_39_10_d17_3_22_7,27726
31,CML312,SM_39_10_d17_3_22_7,37724
32,CML312,SM_39_10_d17_3_22_7,34305
33,CML312,SM_39_10_d17_3_22_7,37247
34,CML312,SM_39_10_d17_3_22_7,41703
35,CML312,SM_39_10_d17_3_22_7,34059
40,PT,SM_39_10_d17_3_22_7,69833
41,PT,SM_39_10_d17_3_22_7,37383
42,PT,SM_39_10_d17_3_22_7,76678
43,PT,SM_39_10_d17_3_22_7,63055
44,PT,SM_39_10_d17_3_22_7,81216
45,PT,SM_39_10_d17_3_22_7,39657
46,PT,SM_39_10_d17_3_22_7,45799
47,PT,SM_39_10_d17_3_22_7,88446
4,B73,SM_39_9_d16_3_23_6,20560
5,B73,SM_39_9_d16_3_23_6,21257
7,B73,SM_39_9_d16_3_23_6,17294
12,B73,SM_39_9_d16_3_23_6,15150
14,B73,SM_39_9_d16_3_23_6,27450
17,B73,SM_39_9_d16_3_23_6,20907
20,B73,SM_39_9_d16_3_23_6,17926
22,B73,SM_39_9_d16_3_23_6,18745
28,CML312,SM_39_9_d16_3_23_6,19499
29,CML312,SM_39_9_d16_3_23_6,15243
30,CML312,SM_39_9_d16_3_23_6,15139
31,CML312,SM_39_9_d16_3_23_6,15419
32,CML312,SM_39_9_d16_3_23_6,15638
33,CML312,SM_39_9_d16_3_23_6,17204
34,CML312,SM_39_9_d16_3_23_6,18051
35,CML312,SM_39_9_d16_3_23_6,13582
40,PT,SM_39_9_d16_3_23_6,20909
41,PT,SM_39_9_d16_3_23_6,15579
42,PT,SM_39_9_d16_3_23_6,16179
43,PT,SM_39_9_d16_3_23_6,17529
44,PT,SM_39_9_d16_3_23_6,16671
45,PT,SM_39_9_d16_3_23_6,2825
46,PT,SM_39_9_d16_3_23_6,16627
47,PT,SM_39_9_d16_3_23_6,15365
4,B73,SM_40_4_d16_2_24_2,21801
5,B73,SM_40_4_d16_2_24_2,6344
7,B73,SM_40_4_d16_2_24_2,23742
12,B73,SM_40_4_d16_2_24_2,12592
14,B73,SM_40_4_d16_2_24_2,18011
17,B73,SM_40_4_d16_2_24_2,14811
20,B73,SM_40_4_d16_2_24_2,4491
22,B73,SM_40_4_d16_2_24_2,12455
28,CML312,SM_40_4_d16_2_24_2,12816
29,CML312,SM_40_4_d16_2_24_2,15581
30,CML312,SM_40_4_d16_2_24_2,25746
31,CML312,SM_40_4_d16_2_24_2,12274
32,CML312,SM_40_4_d16_2_24_2,23929
33,CML312,SM_40_4_d16_2_24_2,5279
34,CML312,SM_40_4_d16_2_24_2,7754
35,CML312,SM_40_4_d16_2_24_2,16826
40,PT,SM_40_4_d16_2_24_2,22470
41,PT,SM_40_4_d16_2_24_2,10709
42,PT,SM_40_4_d16_2_24_2,15810
43,PT,SM_40_4_d16_2_24_2,11824
44,PT,SM_40_4_d16_2_24_2,5023
45,PT,SM_40_4_d16_2_24_2,9322
46,PT,SM_40_4_d16_2_24_2,10887
47,PT,SM_40_4_d16_2_24_2,13190
4,B73,SM_40_5_d16_1_24_4,39858
5,B73,SM_40_5_d16_1_24_4,24198
7,B73,SM_40_5_d16_1_24_4,35814
12,B73,SM_40_5_d16_1_24_4,16300
14,B73,SM_40_5_d16_1_24_4,31714
17,B73,SM_40_5_d16_1_24_4,32884
20,B73,SM_40_5_d16_1_24_4,15033
22,B73,SM_40_5_d16_1_24_4,13401
28,CML312,SM_40_5_d16_1_24_4,29785
29,CML312,SM_40_5_d16_1_24_4,23969
30,CML312,SM_40_5_d16_1_24_4,35301
31,CML312,SM_40_5_d16_1_24_4,21508
32,CML312,SM_40_5_d16_1_24_4,18729
33,CML312,SM_40_5_d16_1_24_4,13140
34,CML312,SM_40_5_d16_1_24_4,10764
35,CML312,SM_40_5_d16_1_24_4,24487
40,PT,SM_40_5_d16_1_24_4,29645
41,PT,SM_40_5_d16_1_24_4,9508
42,PT,SM_40_5_d16_1_24_4,19475
43,PT,SM_40_5_d16_1_24_4,26694
44,PT,SM_40_5_d16_1_24_4,14070
45,PT,SM_40_5_d16_1_24_4,11883
46,PT,SM_40_5_d16_1_24_4,19176
47,PT,SM_40_5_d16_1_24_4,17096
4,B73,SQDG_34_2_16_0_18_3,2712145
5,B73,SQDG_34_2_16_0_18_3,2664902
7,B73,SQDG_34_2_16_0_18_3,2769758
12,B73,SQDG_34_2_16_0_18_3,2136085
14,B73,SQDG_34_2_16_0_18_3,3472033
17,B73,SQDG_34_2_16_0_18_3,2561427
20,B73,SQDG_34_2_16_0_18_3,1984385
22,B73,SQDG_34_2_16_0_18_3,2509075
28,CML312,SQDG_34_2_16_0_18_3,3307541
29,CML312,SQDG_34_2_16_0_18_3,2282724
30,CML312,SQDG_34_2_16_0_18_3,2039139
31,CML312,SQDG_34_2_16_0_18_3,1861679
32,CML312,SQDG_34_2_16_0_18_3,2128633
33,CML312,SQDG_34_2_16_0_18_3,3145028
34,CML312,SQDG_34_2_16_0_18_3,3728626
35,CML312,SQDG_34_2_16_0_18_3,1969782
40,PT,SQDG_34_2_16_0_18_3,2992049
41,PT,SQDG_34_2_16_0_18_3,2337481
42,PT,SQDG_34_2_16_0_18_3,2142313
43,PT,SQDG_34_2_16_0_18_3,1878883
44,PT,SQDG_34_2_16_0_18_3,2254316
45,PT,SQDG_34_2_16_0_18_3,2313862
46,PT,SQDG_34_2_16_0_18_3,2053275
47,PT,SQDG_34_2_16_0_18_3,2020180
4,B73,SQDG_34_3_16_1_18_3,17761
5,B73,SQDG_34_3_16_1_18_3,16793
7,B73,SQDG_34_3_16_1_18_3,17656
12,B73,SQDG_34_3_16_1_18_3,11697
14,B73,SQDG_34_3_16_1_18_3,18651
17,B73,SQDG_34_3_16_1_18_3,12561
20,B73,SQDG_34_3_16_1_18_3,10877
22,B73,SQDG_34_3_16_1_18_3,12545
28,CML312,SQDG_34_3_16_1_18_3,21894
29,CML312,SQDG_34_3_16_1_18_3,17277
30,CML312,SQDG_34_3_16_1_18_3,15097
31,CML312,SQDG_34_3_16_1_18_3,12814
32,CML312,SQDG_34_3_16_1_18_3,11891
33,CML312,SQDG_34_3_16_1_18_3,3924
34,CML312,SQDG_34_3_16_1_18_3,12242
35,CML312,SQDG_34_3_16_1_18_3,15768
40,PT,SQDG_34_3_16_1_18_3,22660
41,PT,SQDG_34_3_16_1_18_3,12892
42,PT,SQDG_34_3_16_1_18_3,8039
43,PT,SQDG_34_3_16_1_18_3,8518
44,PT,SQDG_34_3_16_1_18_3,12421
45,PT,SQDG_34_3_16_1_18_3,10637
46,PT,SQDG_34_3_16_1_18_3,11669
47,PT,SQDG_34_3_16_1_18_3,11590
4,B73,SQDG_36_2_18_0_18_3,188371
5,B73,SQDG_36_2_18_0_18_3,186830
7,B73,SQDG_36_2_18_0_18_3,210518
12,B73,SQDG_36_2_18_0_18_3,144079
14,B73,SQDG_36_2_18_0_18_3,209720
17,B73,SQDG_36_2_18_0_18_3,179037
20,B73,SQDG_36_2_18_0_18_3,113649
22,B73,SQDG_36_2_18_0_18_3,158786
28,CML312,SQDG_36_2_18_0_18_3,164359
29,CML312,SQDG_36_2_18_0_18_3,149304
30,CML312,SQDG_36_2_18_0_18_3,146239
31,CML312,SQDG_36_2_18_0_18_3,129654
32,CML312,SQDG_36_2_18_0_18_3,178041
33,CML312,SQDG_36_2_18_0_18_3,192656
34,CML312,SQDG_36_2_18_0_18_3,49469
35,CML312,SQDG_36_2_18_0_18_3,138710
40,PT,SQDG_36_2_18_0_18_3,268843
41,PT,SQDG_36_2_18_0_18_3,165424
42,PT,SQDG_36_2_18_0_18_3,200646
43,PT,SQDG_36_2_18_0_18_3,144062
44,PT,SQDG_36_2_18_0_18_3,124701
45,PT,SQDG_36_2_18_0_18_3,159296
46,PT,SQDG_36_2_18_0_18_3,146788
47,PT,SQDG_36_2_18_0_18_3,131991
4,B73,SQDG_36_4_18_2_18_3,897155
5,B73,SQDG_36_4_18_2_18_3,615634
7,B73,SQDG_36_4_18_2_18_3,1048331
12,B73,SQDG_36_4_18_2_18_3,799677
14,B73,SQDG_36_4_18_2_18_3,1153082
17,B73,SQDG_36_4_18_2_18_3,788895
20,B73,SQDG_36_4_18_2_18_3,618429
22,B73,SQDG_36_4_18_2_18_3,349205
28,CML312,SQDG_36_4_18_2_18_3,569902
29,CML312,SQDG_36_4_18_2_18_3,563743
30,CML312,SQDG_36_4_18_2_18_3,557283
31,CML312,SQDG_36_4_18_2_18_3,527897
32,CML312,SQDG_36_4_18_2_18_3,598800
33,CML312,SQDG_36_4_18_2_18_3,264507
34,CML312,SQDG_36_4_18_2_18_3,290851
35,CML312,SQDG_36_4_18_2_18_3,558299
40,PT,SQDG_36_4_18_2_18_3,1079815
41,PT,SQDG_36_4_18_2_18_3,739873
42,PT,SQDG_36_4_18_2_18_3,609535
43,PT,SQDG_36_4_18_2_18_3,531275
44,PT,SQDG_36_4_18_2_18_3,401279
45,PT,SQDG_36_4_18_2_18_3,795782
46,PT,SQDG_36_4_18_2_18_3,527698
47,PT,SQDG_36_4_18_2_18_3,717338
4,B73,SQDG_38_5_18_3_20_3,13180
5,B73,SQDG_38_5_18_3_20_3,14265
7,B73,SQDG_38_5_18_3_20_3,15687
12,B73,SQDG_38_5_18_3_20_3,12366
14,B73,SQDG_38_5_18_3_20_3,15493
17,B73,SQDG_38_5_18_3_20_3,14846
20,B73,SQDG_38_5_18_3_20_3,9706
22,B73,SQDG_38_5_18_3_20_3,11915
28,CML312,SQDG_38_5_18_3_20_3,12482
29,CML312,SQDG_38_5_18_3_20_3,10270
30,CML312,SQDG_38_5_18_3_20_3,11396
31,CML312,SQDG_38_5_18_3_20_3,11553
32,CML312,SQDG_38_5_18_3_20_3,10668
33,CML312,SQDG_38_5_18_3_20_3,17701
34,CML312,SQDG_38_5_18_3_20_3,18248
35,CML312,SQDG_38_5_18_3_20_3,9042
40,PT,SQDG_38_5_18_3_20_3,24567
41,PT,SQDG_38_5_18_3_20_3,19013
42,PT,SQDG_38_5_18_3_20_3,17298
43,PT,SQDG_38_5_18_3_20_3,10193
44,PT,SQDG_38_5_18_3_20_3,15461
45,PT,SQDG_38_5_18_3_20_3,18576
46,PT,SQDG_38_5_18_3_20_3,16880
47,PT,SQDG_38_5_18_3_20_3,14056
4,B73,SQDG_42_1_16_0_16_0,1504714
5,B73,SQDG_42_1_16_0_16_0,1221163
7,B73,SQDG_42_1_16_0_16_0,1669258
12,B73,SQDG_42_1_16_0_16_0,1071817
14,B73,SQDG_42_1_16_0_16_0,1468609
17,B73,SQDG_42_1_16_0_16_0,1275197
20,B73,SQDG_42_1_16_0_16_0,924151
22,B73,SQDG_42_1_16_0_16_0,1380641
28,CML312,SQDG_42_1_16_0_16_0,1778378
29,CML312,SQDG_42_1_16_0_16_0,1375643
30,CML312,SQDG_42_1_16_0_16_0,1424869
31,CML312,SQDG_42_1_16_0_16_0,1333627
32,CML312,SQDG_42_1_16_0_16_0,1304229
33,CML312,SQDG_42_1_16_0_16_0,1395190
34,CML312,SQDG_42_1_16_0_16_0,635090
35,CML312,SQDG_42_1_16_0_16_0,1375252
40,PT,SQDG_42_1_16_0_16_0,834317
41,PT,SQDG_42_1_16_0_16_0,973504
42,PT,SQDG_42_1_16_0_16_0,467521
43,PT,SQDG_42_1_16_0_16_0,850769
44,PT,SQDG_42_1_16_0_16_0,741453
45,PT,SQDG_42_1_16_0_16_0,927756
46,PT,SQDG_42_1_16_0_16_0,766056
47,PT,SQDG_42_1_16_0_16_0,645802
4,B73,SQDG_45_1_18_2_18_2,130370
5,B73,SQDG_45_1_18_2_18_2,107953
7,B73,SQDG_45_1_18_2_18_2,127661
12,B73,SQDG_45_1_18_2_18_2,85655
14,B73,SQDG_45_1_18_2_18_2,153611
17,B73,SQDG_45_1_18_2_18_2,122832
20,B73,SQDG_45_1_18_2_18_2,95622
22,B73,SQDG_45_1_18_2_18_2,109520
28,CML312,SQDG_45_1_18_2_18_2,104837
29,CML312,SQDG_45_1_18_2_18_2,89673
30,CML312,SQDG_45_1_18_2_18_2,81682
31,CML312,SQDG_45_1_18_2_18_2,61370
32,CML312,SQDG_45_1_18_2_18_2,71989
33,CML312,SQDG_45_1_18_2_18_2,45604
34,CML312,SQDG_45_1_18_2_18_2,49343
35,CML312,SQDG_45_1_18_2_18_2,90202
40,PT,SQDG_45_1_18_2_18_2,121299
41,PT,SQDG_45_1_18_2_18_2,82664
42,PT,SQDG_45_1_18_2_18_2,83390
43,PT,SQDG_45_1_18_2_18_2,83394
44,PT,SQDG_45_1_18_2_18_2,62038
45,PT,SQDG_45_1_18_2_18_2,83738
46,PT,SQDG_45_1_18_2_18_2,76992
47,PT,SQDG_45_1_18_2_18_2,88707
4,B73,TG_49_2,6733
5,B73,TG_49_2,7252
7,B73,TG_49_2,5666
12,B73,TG_49_2,3988
14,B73,TG_49_2,8424
17,B73,TG_49_2,1125
20,B73,TG_49_2,6424
22,B73,TG_49_2,8146
28,CML312,TG_49_2,10596
29,CML312,TG_49_2,5579
30,CML312,TG_49_2,1644
31,CML312,TG_49_2,2103
32,CML312,TG_49_2,5111
33,CML312,TG_49_2,7201
34,CML312,TG_49_2,6111
35,CML312,TG_49_2,6273
40,PT,TG_49_2,8778
41,PT,TG_49_2,7876
42,PT,TG_49_2,4765
43,PT,TG_49_2,6221
44,PT,TG_49_2,6068
45,PT,TG_49_2,4887
46,PT,TG_49_2,1100
47,PT,TG_49_2,3803
4,B73,TG_50_2,250577
5,B73,TG_50_2,46544
7,B73,TG_50_2,207905
12,B73,TG_50_2,112443
14,B73,TG_50_2,217280
17,B73,TG_50_2,125058
20,B73,TG_50_2,86942
22,B73,TG_50_2,259600
28,CML312,TG_50_2,176293
29,CML312,TG_50_2,166009
30,CML312,TG_50_2,183499
31,CML312,TG_50_2,155524
32,CML312,TG_50_2,174938
33,CML312,TG_50_2,273924
34,CML312,TG_50_2,265516
35,CML312,TG_50_2,168687
40,PT,TG_50_2,256724
41,PT,TG_50_2,225047
42,PT,TG_50_2,201079
43,PT,TG_50_2,209370
44,PT,TG_50_2,144284
45,PT,TG_50_2,243377
46,PT,TG_50_2,244718
47,PT,TG_50_2,213708
4,B73,TG_50_3,80258
5,B73,TG_50_3,78811
7,B73,TG_50_3,54995
12,B73,TG_50_3,63943
14,B73,TG_50_3,37796
17,B73,TG_50_3,58006
20,B73,TG_50_3,73113
22,B73,TG_50_3,103090
28,CML312,TG_50_3,93682
29,CML312,TG_50_3,24176
30,CML312,TG_50_3,49955
31,CML312,TG_50_3,49582
32,CML312,TG_50_3,158575
33,CML312,TG_50_3,97115
34,CML312,TG_50_3,93540
35,CML312,TG_50_3,22730
40,PT,TG_50_3,156918
41,PT,TG_50_3,86268
42,PT,TG_50_3,34800
43,PT,TG_50_3,123669
44,PT,TG_50_3,277623
45,PT,TG_50_3,151696
46,PT,TG_50_3,166938
47,PT,TG_50_3,123445
4,B73,TG_50_4,13857
5,B73,TG_50_4,10602
7,B73,TG_50_4,7593
12,B73,TG_50_4,14393
14,B73,TG_50_4,11460
17,B73,TG_50_4,25436
20,B73,TG_50_4,20604
22,B73,TG_50_4,28349
28,CML312,TG_50_4,2228
29,CML312,TG_50_4,4288
30,CML312,TG_50_4,4464
31,CML312,TG_50_4,4187
32,CML312,TG_50_4,3492
33,CML312,TG_50_4,12525
34,CML312,TG_50_4,11828
35,CML312,TG_50_4,4791
40,PT,TG_50_4,9851
41,PT,TG_50_4,3808
42,PT,TG_50_4,11418
43,PT,TG_50_4,11755
44,PT,TG_50_4,4890
45,PT,TG_50_4,10151
46,PT,TG_50_4,9306
47,PT,TG_50_4,8243
4,B73,TG_50_5,26059
5,B73,TG_50_5,29980
7,B73,TG_50_5,15990
12,B73,TG_50_5,36574
14,B73,TG_50_5,28206
17,B73,TG_50_5,48031
20,B73,TG_50_5,48154
22,B73,TG_50_5,50753
28,CML312,TG_50_5,7022
29,CML312,TG_50_5,8154
30,CML312,TG_50_5,6938
31,CML312,TG_50_5,6766
32,CML312,TG_50_5,3047
33,CML312,TG_50_5,25769
34,CML312,TG_50_5,24267
35,CML312,TG_50_5,8284
40,PT,TG_50_5,17206
41,PT,TG_50_5,2864
42,PT,TG_50_5,18160
43,PT,TG_50_5,23251
44,PT,TG_50_5,12876
45,PT,TG_50_5,15034
46,PT,TG_50_5,12060
47,PT,TG_50_5,10869
4,B73,TG_52_3,3915
5,B73,TG_52_3,5123
7,B73,TG_52_3,4491
12,B73,TG_52_3,5276
14,B73,TG_52_3,8627
17,B73,TG_52_3,10077
20,B73,TG_52_3,6279
22,B73,TG_52_3,12510
28,CML312,TG_52_3,8234
29,CML312,TG_52_3,3935
30,CML312,TG_52_3,5108
31,CML312,TG_52_3,5001
32,CML312,TG_52_3,9849
33,CML312,TG_52_3,5806
34,CML312,TG_52_3,4344
35,CML312,TG_52_3,4357
40,PT,TG_52_3,9894
41,PT,TG_52_3,7082
42,PT,TG_52_3,5788
43,PT,TG_52_3,3974
44,PT,TG_52_3,3341
45,PT,TG_52_3,8784
46,PT,TG_52_3,6625
47,PT,TG_52_3,5881
4,B73,TG_52_4,665228
5,B73,TG_52_4,624070
7,B73,TG_52_4,402665
12,B73,TG_52_4,707204
14,B73,TG_52_4,500471
17,B73,TG_52_4,901518
20,B73,TG_52_4,755098
22,B73,TG_52_4,984799
28,CML312,TG_52_4,400148
29,CML312,TG_52_4,224408
30,CML312,TG_52_4,310553
31,CML312,TG_52_4,306942
32,CML312,TG_52_4,367272
33,CML312,TG_52_4,491067
34,CML312,TG_52_4,551072
35,CML312,TG_52_4,265150
40,PT,TG_52_4,545851
41,PT,TG_52_4,402573
42,PT,TG_52_4,505955
43,PT,TG_52_4,447255
44,PT,TG_52_4,383828
45,PT,TG_52_4,717223
46,PT,TG_52_4,518038
47,PT,TG_52_4,413221
4,B73,TG_52_5,914281
5,B73,TG_52_5,929579
7,B73,TG_52_5,589071
12,B73,TG_52_5,928675
14,B73,TG_52_5,713288
17,B73,TG_52_5,1098505
20,B73,TG_52_5,918163
22,B73,TG_52_5,1247331
28,CML312,TG_52_5,638868
29,CML312,TG_52_5,396565
30,CML312,TG_52_5,553108
31,CML312,TG_52_5,522083
32,CML312,TG_52_5,706952
33,CML312,TG_52_5,478051
34,CML312,TG_52_5,508078
35,CML312,TG_52_5,453641
40,PT,TG_52_5,882295
41,PT,TG_52_5,639532
42,PT,TG_52_5,898948
43,PT,TG_52_5,660211
44,PT,TG_52_5,881413
45,PT,TG_52_5,1172436
46,PT,TG_52_5,909141
47,PT,TG_52_5,700888
4,B73,TG_52_6,15885
5,B73,TG_52_6,20660
7,B73,TG_52_6,8217
12,B73,TG_52_6,14682
14,B73,TG_52_6,24120
17,B73,TG_52_6,13803
20,B73,TG_52_6,16526
22,B73,TG_52_6,19918
28,CML312,TG_52_6,24227
29,CML312,TG_52_6,5304
30,CML312,TG_52_6,15405
31,CML312,TG_52_6,10007
32,CML312,TG_52_6,19994
33,CML312,TG_52_6,9561
34,CML312,TG_52_6,13337
35,CML312,TG_52_6,3411
40,PT,TG_52_6,20742
41,PT,TG_52_6,9237
42,PT,TG_52_6,25896
43,PT,TG_52_6,18975
44,PT,TG_52_6,29324
45,PT,TG_52_6,25198
46,PT,TG_52_6,23813
47,PT,TG_52_6,15984
4,B73,TG_53_4,10364
5,B73,TG_53_4,8326
7,B73,TG_53_4,6321
12,B73,TG_53_4,10827
14,B73,TG_53_4,7057
17,B73,TG_53_4,9962
20,B73,TG_53_4,13015
22,B73,TG_53_4,14641
28,CML312,TG_53_4,3678
29,CML312,TG_53_4,3393
30,CML312,TG_53_4,2822
31,CML312,TG_53_4,2192
32,CML312,TG_53_4,6305
33,CML312,TG_53_4,5040
34,CML312,TG_53_4,5735
35,CML312,TG_53_4,3483
40,PT,TG_53_4,7609
41,PT,TG_53_4,5883
42,PT,TG_53_4,6053
43,PT,TG_53_4,6698
44,PT,TG_53_4,5980
45,PT,TG_53_4,10106
46,PT,TG_53_4,3217
47,PT,TG_53_4,3625
4,B73,TG_53_5,9275
5,B73,TG_53_5,8549
7,B73,TG_53_5,8162
12,B73,TG_53_5,10523
14,B73,TG_53_5,8838
17,B73,TG_53_5,12721
20,B73,TG_53_5,10474
22,B73,TG_53_5,14823
28,CML312,TG_53_5,4644
29,CML312,TG_53_5,5531
30,CML312,TG_53_5,5601
31,CML312,TG_53_5,5033
32,CML312,TG_53_5,7939
33,CML312,TG_53_5,5449
34,CML312,TG_53_5,5400
35,CML312,TG_53_5,5442
40,PT,TG_53_5,11742
41,PT,TG_53_5,7100
42,PT,TG_53_5,10599
43,PT,TG_53_5,7295
44,PT,TG_53_5,5028
45,PT,TG_53_5,11111
46,PT,TG_53_5,8213
47,PT,TG_53_5,7771
4,B73,TG_54_1,12829
5,B73,TG_54_1,3035
7,B73,TG_54_1,12259
12,B73,TG_54_1,2842
14,B73,TG_54_1,16750
17,B73,TG_54_1,12050
20,B73,TG_54_1,2631
22,B73,TG_54_1,10615
28,CML312,TG_54_1,18535
29,CML312,TG_54_1,11464
30,CML312,TG_54_1,13781
31,CML312,TG_54_1,9808
32,CML312,TG_54_1,11347
33,CML312,TG_54_1,11422
34,CML312,TG_54_1,11694
35,CML312,TG_54_1,12057
40,PT,TG_54_1,18486
41,PT,TG_54_1,12102
42,PT,TG_54_1,14126
43,PT,TG_54_1,13892
44,PT,TG_54_1,1422
45,PT,TG_54_1,5352
46,PT,TG_54_1,20908
47,PT,TG_54_1,8778
4,B73,TG_54_2,1994
5,B73,TG_54_2,2132
7,B73,TG_54_2,1672
12,B73,TG_54_2,1375
14,B73,TG_54_2,2768
17,B73,TG_54_2,2742
20,B73,TG_54_2,1728
22,B73,TG_54_2,1784
28,CML312,TG_54_2,2462
29,CML312,TG_54_2,2026
30,CML312,TG_54_2,2156
31,CML312,TG_54_2,1699
32,CML312,TG_54_2,1733
33,CML312,TG_54_2,2147
34,CML312,TG_54_2,1850
35,CML312,TG_54_2,2091
40,PT,TG_54_2,2047
41,PT,TG_54_2,1548
42,PT,TG_54_2,1554
43,PT,TG_54_2,1622
44,PT,TG_54_2,1599
45,PT,TG_54_2,1620
46,PT,TG_54_2,1553
47,PT,TG_54_2,1386
4,B73,TG_54_4,102914
5,B73,TG_54_4,106859
7,B73,TG_54_4,64788
12,B73,TG_54_4,104902
14,B73,TG_54_4,94708
17,B73,TG_54_4,147637
20,B73,TG_54_4,132649
22,B73,TG_54_4,171257
28,CML312,TG_54_4,60488
29,CML312,TG_54_4,54149
30,CML312,TG_54_4,67856
31,CML312,TG_54_4,36287
32,CML312,TG_54_4,66487
33,CML312,TG_54_4,33284
34,CML312,TG_54_4,29468
35,CML312,TG_54_4,61608
40,PT,TG_54_4,93111
41,PT,TG_54_4,64118
42,PT,TG_54_4,73713
43,PT,TG_54_4,70380
44,PT,TG_54_4,52112
45,PT,TG_54_4,89076
46,PT,TG_54_4,72514
47,PT,TG_54_4,62057
4,B73,TG_54_5,181154
5,B73,TG_54_5,168480
7,B73,TG_54_5,109538
12,B73,TG_54_5,206807
14,B73,TG_54_5,137177
17,B73,TG_54_5,283098
20,B73,TG_54_5,266745
22,B73,TG_54_5,310276
28,CML312,TG_54_5,94201
29,CML312,TG_54_5,71709
30,CML312,TG_54_5,88126
31,CML312,TG_54_5,28794
32,CML312,TG_54_5,104544
33,CML312,TG_54_5,186647
34,CML312,TG_54_5,191800
35,CML312,TG_54_5,84781
40,PT,TG_54_5,133122
41,PT,TG_54_5,79245
42,PT,TG_54_5,121983
43,PT,TG_54_5,103560
44,PT,TG_54_5,67222
45,PT,TG_54_5,145618
46,PT,TG_54_5,112208
47,PT,TG_54_5,93031
4,B73,TG_54_8,1282372
5,B73,TG_54_8,836169
7,B73,TG_54_8,835956
12,B73,TG_54_8,1365273
14,B73,TG_54_8,865790
17,B73,TG_54_8,1417779
20,B73,TG_54_8,927852
22,B73,TG_54_8,1686917
28,CML312,TG_54_8,551847
29,CML312,TG_54_8,546945
30,CML312,TG_54_8,725143
31,CML312,TG_54_8,326696
32,CML312,TG_54_8,605036
33,CML312,TG_54_8,85198
34,CML312,TG_54_8,110366
35,CML312,TG_54_8,618774
40,PT,TG_54_8,866278
41,PT,TG_54_8,517144
42,PT,TG_54_8,808906
43,PT,TG_54_8,628615
44,PT,TG_54_8,395617
45,PT,TG_54_8,738358
46,PT,TG_54_8,735294
47,PT,TG_54_8,757117
4,B73,TG_56_2,5743
5,B73,TG_56_2,2795
7,B73,TG_56_2,5536
12,B73,TG_56_2,2260
14,B73,TG_56_2,4643
17,B73,TG_56_2,4029
20,B73,TG_56_2,3170
22,B73,TG_56_2,10023
28,CML312,TG_56_2,7605
29,CML312,TG_56_2,1499
30,CML312,TG_56_2,1736
31,CML312,TG_56_2,1790
32,CML312,TG_56_2,9352
33,CML312,TG_56_2,10320
34,CML312,TG_56_2,6585
35,CML312,TG_56_2,1372
40,PT,TG_56_2,7177
41,PT,TG_56_2,5627
42,PT,TG_56_2,5344
43,PT,TG_56_2,5229
44,PT,TG_56_2,2268
45,PT,TG_56_2,6923
46,PT,TG_56_2,7542
47,PT,TG_56_2,3184
4,B73,TG_58_14_19_5_19_5_20_4,20344
5,B73,TG_58_14_19_5_19_5_20_4,12104
7,B73,TG_58_14_19_5_19_5_20_4,14695
12,B73,TG_58_14_19_5_19_5_20_4,27180
14,B73,TG_58_14_19_5_19_5_20_4,23146
17,B73,TG_58_14_19_5_19_5_20_4,15312
20,B73,TG_58_14_19_5_19_5_20_4,11431
22,B73,TG_58_14_19_5_19_5_20_4,20029
28,CML312,TG_58_14_19_5_19_5_20_4,22931
29,CML312,TG_58_14_19_5_19_5_20_4,18473
30,CML312,TG_58_14_19_5_19_5_20_4,18356
31,CML312,TG_58_14_19_5_19_5_20_4,11348
32,CML312,TG_58_14_19_5_19_5_20_4,12006
33,CML312,TG_58_14_19_5_19_5_20_4,17256
34,CML312,TG_58_14_19_5_19_5_20_4,26120
35,CML312,TG_58_14_19_5_19_5_20_4,18530
40,PT,TG_58_14_19_5_19_5_20_4,19688
41,PT,TG_58_14_19_5_19_5_20_4,10321
42,PT,TG_58_14_19_5_19_5_20_4,13312
43,PT,TG_58_14_19_5_19_5_20_4,18424
44,PT,TG_58_14_19_5_19_5_20_4,14149
45,PT,TG_58_14_19_5_19_5_20_4,9301
46,PT,TG_58_14_19_5_19_5_20_4,15421
47,PT,TG_58_14_19_5_19_5_20_4,18594
4,B73,TG_54_4_1,102914
5,B73,TG_54_4_1,106859
7,B73,TG_54_4_1,64788
12,B73,TG_54_4_1,104902
14,B73,TG_54_4_1,94708
17,B73,TG_54_4_1,147637
20,B73,TG_54_4_1,132649
22,B73,TG_54_4_1,171257
28,CML312,TG_54_4_1,60488
29,CML312,TG_54_4_1,54149
30,CML312,TG_54_4_1,67856
31,CML312,TG_54_4_1,36287
32,CML312,TG_54_4_1,66487
33,CML312,TG_54_4_1,33284
34,CML312,TG_54_4_1,29468
35,CML312,TG_54_4_1,61608
40,PT,TG_54_4_1,93111
41,PT,TG_54_4_1,64118
42,PT,TG_54_4_1,73713
43,PT,TG_54_4_1,70380
44,PT,TG_54_4_1,52112
45,PT,TG_54_4_1,89076
46,PT,TG_54_4_1,72514
47,PT,TG_54_4_1,62057
4,B73,TG_54_4_2,9347
5,B73,TG_54_4_2,7367
7,B73,TG_54_4_2,7017
12,B73,TG_54_4_2,9156
14,B73,TG_54_4_2,9743
17,B73,TG_54_4_2,13157
20,B73,TG_54_4_2,11702
22,B73,TG_54_4_2,18e3
28,CML312,TG_54_4_2,6876
29,CML312,TG_54_4_2,4882
30,CML312,TG_54_4_2,4860
31,CML312,TG_54_4_2,2531
32,CML312,TG_54_4_2,6832
33,CML312,TG_54_4_2,2986
34,CML312,TG_54_4_2,2649
35,CML312,TG_54_4_2,5040
40,PT,TG_54_4_2,9279
41,PT,TG_54_4_2,5924
42,PT,TG_54_4_2,7980
43,PT,TG_54_4_2,7087
44,PT,TG_54_4_2,3406
45,PT,TG_54_4_2,7015
46,PT,TG_54_4_2,6087
47,PT,TG_54_4_2,4657
4,B73,TG_54_5_1,181154
5,B73,TG_54_5_1,168480
7,B73,TG_54_5_1,109538
12,B73,TG_54_5_1,206807
14,B73,TG_54_5_1,137177
17,B73,TG_54_5_1,283098
20,B73,TG_54_5_1,266745
22,B73,TG_54_5_1,310276
28,CML312,TG_54_5_1,94201
29,CML312,TG_54_5_1,71709
30,CML312,TG_54_5_1,88126
31,CML312,TG_54_5_1,28794
32,CML312,TG_54_5_1,104544
33,CML312,TG_54_5_1,186647
34,CML312,TG_54_5_1,191800
35,CML312,TG_54_5_1,84781
40,PT,TG_54_5_1,133122
41,PT,TG_54_5_1,79245
42,PT,TG_54_5_1,121983
43,PT,TG_54_5_1,103560
44,PT,TG_54_5_1,67222
45,PT,TG_54_5_1,145618
46,PT,TG_54_5_1,112208
47,PT,TG_54_5_1,93031
4,B73,TG_54_8_1,1282372
5,B73,TG_54_8_1,836169
7,B73,TG_54_8_1,835956
12,B73,TG_54_8_1,1365273
14,B73,TG_54_8_1,865790
17,B73,TG_54_8_1,1417779
20,B73,TG_54_8_1,927852
22,B73,TG_54_8_1,1686917
28,CML312,TG_54_8_1,551847
29,CML312,TG_54_8_1,546945
30,CML312,TG_54_8_1,725143
31,CML312,TG_54_8_1,326696
32,CML312,TG_54_8_1,605036
33,CML312,TG_54_8_1,85198
34,CML312,TG_54_8_1,110366
35,CML312,TG_54_8_1,618774
40,PT,TG_54_8_1,866278
41,PT,TG_54_8_1,517144
42,PT,TG_54_8_1,808906
43,PT,TG_54_8_1,628615
44,PT,TG_54_8_1,395617
45,PT,TG_54_8_1,738358
46,PT,TG_54_8_1,735294
47,PT,TG_54_8_1,757117
4,B73,TG_56_2_1,5743
5,B73,TG_56_2_1,2795
7,B73,TG_56_2_1,5536
12,B73,TG_56_2_1,2260
14,B73,TG_56_2_1,4643
17,B73,TG_56_2_1,4029
20,B73,TG_56_2_1,3170
22,B73,TG_56_2_1,10023
28,CML312,TG_56_2_1,7605
29,CML312,TG_56_2_1,1499
30,CML312,TG_56_2_1,1736
31,CML312,TG_56_2_1,1790
32,CML312,TG_56_2_1,9352
33,CML312,TG_56_2_1,10320
34,CML312,TG_56_2_1,6585
35,CML312,TG_56_2_1,1372
40,PT,TG_56_2_1,7177
41,PT,TG_56_2_1,5627
42,PT,TG_56_2_1,5344
43,PT,TG_56_2_1,5229
44,PT,TG_56_2_1,2268
45,PT,TG_56_2_1,6923
46,PT,TG_56_2_1,7542
47,PT,TG_56_2_1,3184
4,B73,TG_58_14_19_5_19_5_20_4_1,20344
5,B73,TG_58_14_19_5_19_5_20_4_1,12104
7,B73,TG_58_14_19_5_19_5_20_4_1,14695
12,B73,TG_58_14_19_5_19_5_20_4_1,27180
14,B73,TG_58_14_19_5_19_5_20_4_1,23146
17,B73,TG_58_14_19_5_19_5_20_4_1,15312
20,B73,TG_58_14_19_5_19_5_20_4_1,11431
22,B73,TG_58_14_19_5_19_5_20_4_1,20029
28,CML312,TG_58_14_19_5_19_5_20_4_1,22931
29,CML312,TG_58_14_19_5_19_5_20_4_1,18473
30,CML312,TG_58_14_19_5_19_5_20_4_1,18356
31,CML312,TG_58_14_19_5_19_5_20_4_1,11348
32,CML312,TG_58_14_19_5_19_5_20_4_1,12006
33,CML312,TG_58_14_19_5_19_5_20_4_1,17256
34,CML312,TG_58_14_19_5_19_5_20_4_1,26120
35,CML312,TG_58_14_19_5_19_5_20_4_1,18530
40,PT,TG_58_14_19_5_19_5_20_4_1,19688
41,PT,TG_58_14_19_5_19_5_20_4_1,10321
42,PT,TG_58_14_19_5_19_5_20_4_1,13312
43,PT,TG_58_14_19_5_19_5_20_4_1,18424
44,PT,TG_58_14_19_5_19_5_20_4_1,14149
45,PT,TG_58_14_19_5_19_5_20_4_1,9301
46,PT,TG_58_14_19_5_19_5_20_4_1,15421
47,PT,TG_58_14_19_5_19_5_20_4_1,18594
4,B73,LPCs,3923385
5,B73,LPCs,5833280
7,B73,LPCs,4049983
12,B73,LPCs,4238968
14,B73,LPCs,4670525
17,B73,LPCs,3992384
20,B73,LPCs,5629239
22,B73,LPCs,5553361
28,CML312,LPCs,1968630
29,CML312,LPCs,2717395
30,CML312,LPCs,3086083
31,CML312,LPCs,1959633
32,CML312,LPCs,1754857
33,CML312,LPCs,2592153
34,CML312,LPCs,2567626
35,CML312,LPCs,2547716
40,PT,LPCs,1420925
41,PT,LPCs,1783200
42,PT,LPCs,955007
43,PT,LPCs,2672745
44,PT,LPCs,924942
45,PT,LPCs,1705507
46,PT,LPCs,1181290
47,PT,LPCs,1667094
4,B73,PCs,11819098
5,B73,PCs,10566690
7,B73,PCs,11132265
12,B73,PCs,14246707
14,B73,PCs,9309719
17,B73,PCs,10592970
20,B73,PCs,13284905
22,B73,PCs,10487625
28,CML312,PCs,13056127
29,CML312,PCs,16034115
30,CML312,PCs,16324867
31,CML312,PCs,18469203
32,CML312,PCs,17804793
33,CML312,PCs,15636620
34,CML312,PCs,15662350
35,CML312,PCs,16660382
40,PT,PCs,11620336
41,PT,PCs,14537871
42,PT,PCs,16772907
43,PT,PCs,17104496
44,PT,PCs,17188591
45,PT,PCs,13228439
46,PT,PCs,16576504
47,PT,PCs,17214666
4,B73,PEs,539767
5,B73,PEs,375579
7,B73,PEs,630235
12,B73,PEs,667904
14,B73,PEs,468317
17,B73,PEs,628782
20,B73,PEs,642927
22,B73,PEs,232195
28,CML312,PEs,962032
29,CML312,PEs,930272
30,CML312,PEs,909951
31,CML312,PEs,795937
32,CML312,PEs,700183
33,CML312,PEs,727963
34,CML312,PEs,492772
35,CML312,PEs,908336
40,PT,PEs,957010
41,PT,PEs,823220
42,PT,PEs,826634
43,PT,PEs,469970
44,PT,PEs,1207611
45,PT,PEs,1044637
46,PT,PEs,751016
47,PT,PEs,620214
4,B73,PGs,1832341
5,B73,PGs,2047175
7,B73,PGs,1817396
12,B73,PGs,1807650
14,B73,PGs,2394156
17,B73,PGs,1914199
20,B73,PGs,1795800
22,B73,PGs,1859791
28,CML312,PGs,1808588
29,CML312,PGs,1684736
30,CML312,PGs,1520758
31,CML312,PGs,1442979
32,CML312,PGs,1384376
33,CML312,PGs,928674
34,CML312,PGs,1197680
35,CML312,PGs,1642730
40,PT,PGs,2459859
41,PT,PGs,2802862
42,PT,PGs,2674241
43,PT,PGs,2231547
44,PT,PGs,2367021
45,PT,PGs,2764010
46,PT,PGs,2636063
47,PT,PGs,2237565
4,B73,SQDGs,5463696
5,B73,SQDGs,4827540
7,B73,SQDGs,5858869
12,B73,SQDGs,4261376
14,B73,SQDGs,6491199
17,B73,SQDGs,4954795
20,B73,SQDGs,3756819
22,B73,SQDGs,4531687
28,CML312,SQDGs,5959393
29,CML312,SQDGs,4488634
30,CML312,SQDGs,4275705
31,CML312,SQDGs,3938594
32,CML312,SQDGs,4304251
33,CML312,SQDGs,5064610
34,CML312,SQDGs,4783869
35,CML312,SQDGs,4157055
40,PT,SQDGs,5343550
41,PT,SQDGs,4330851
42,PT,SQDGs,3528742
43,PT,SQDGs,3507094
44,PT,SQDGs,3611669
45,PT,SQDGs,4309647
46,PT,SQDGs,3599358
47,PT,SQDGs,3629664
4,B73,TGs,3603782
5,B73,TGs,2901070
7,B73,TGs,2355520
12,B73,TGs,3619167
14,B73,TGs,2710549
17,B73,TGs,4186889
20,B73,TGs,3300998
22,B73,TGs,4954861
28,CML312,TGs,2127689
29,CML312,TGs,1553607
30,CML312,TGs,2056251
31,CML312,TGs,1485842
32,CML312,TGs,2273979
33,CML312,TGs,1757782
34,CML312,TGs,1867111
35,CML312,TGs,1745462
40,PT,TGs,3067519
41,PT,TGs,2087375
42,PT,TGs,2762399
43,PT,TGs,2360396
44,PT,TGs,2289044
45,PT,TGs,3366251
46,PT,TGs,2868609
47,PT,TGs,2451585
4,B73,DGs,2731978
5,B73,DGs,2601587
7,B73,DGs,2727957
12,B73,DGs,2004803
14,B73,DGs,2485651
17,B73,DGs,2717041
20,B73,DGs,1985727
22,B73,DGs,2250658
28,CML312,DGs,2777679
29,CML312,DGs,2138175
30,CML312,DGs,1908508
31,CML312,DGs,2126345
32,CML312,DGs,2067830
33,CML312,DGs,1952098
34,CML312,DGs,2307187
35,CML312,DGs,2063365
40,PT,DGs,3306957
41,PT,DGs,2718488
42,PT,DGs,2287611
43,PT,DGs,2043625
44,PT,DGs,2288294
45,PT,DGs,2657939
46,PT,DGs,2288590
47,PT,DGs,2414461
4,B73,MGDGs,2754199
5,B73,MGDGs,2807146
7,B73,MGDGs,3009054
12,B73,MGDGs,2103724
14,B73,MGDGs,2106114
17,B73,MGDGs,2908582
20,B73,MGDGs,1826627
22,B73,MGDGs,2269257
28,CML312,MGDGs,2503484
29,CML312,MGDGs,2231770
30,CML312,MGDGs,1889865
31,CML312,MGDGs,1803123
32,CML312,MGDGs,2361098
33,CML312,MGDGs,3408933
34,CML312,MGDGs,2897555
35,CML312,MGDGs,1860126
40,PT,MGDGs,3819814
41,PT,MGDGs,3446217
42,PT,MGDGs,3058509
43,PT,MGDGs,2529251
44,PT,MGDGs,2986156
45,PT,MGDGs,3472076
46,PT,MGDGs,2931224
47,PT,MGDGs,2659476
4,B73,PCLPC,3.0124746870368315
5,B73,PCLPC,1.8114491332492182
7,B73,PCLPC,2.748718945240017
12,B73,PCLPC,3.360890433709337
14,B73,PCLPC,1.9932917605622493
17,B73,PCLPC,2.653294372485212
20,B73,PCLPC,2.359982406147616
22,B73,PCLPC,1.8885185025788886
28,CML312,PCLPC,6.632087797097474
29,CML312,PCLPC,5.900546295257039
30,CML312,PCLPC,5.289834071215842
31,CML312,PCLPC,9.424827505966679
32,CML312,PCLPC,10.14600790833669
33,CML312,PCLPC,6.032290532233244
34,CML312,PCLPC,6.099934336231211
35,CML312,PCLPC,6.539340334636985
40,PT,PCLPC,8.178007987754455
41,PT,PCLPC,8.152686742934051
42,PT,PCLPC,17.56312466819615
43,PT,PCLPC,6.399598914224889
44,PT,PCLPC,18.583425771561892
45,PT,PCLPC,7.756308827814838
46,PT,PCLPC,14.032544083163321
47,PT,PCLPC,10.326151974633705
4,B73,PELPC,0.13757686283655568
5,B73,PELPC,0.06438556009654946
7,B73,PELPC,0.15561423344246136
12,B73,PELPC,0.1575628785119397
14,B73,PELPC,0.10027074044138506
17,B73,PELPC,0.15749537118673956
20,B73,PELPC,0.11421206312256417
22,B73,PELPC,0.041811616424720095
28,CML312,PELPC,0.4886809608712658
29,CML312,PELPC,0.3423396304181026
30,CML312,PELPC,0.2948562951806546
31,CML312,PELPC,0.4061663587008384
32,CML312,PELPC,0.3989971832462702
33,CML312,PELPC,0.2808333458711735
34,CML312,PELPC,0.19191735868074244
35,CML312,PELPC,0.35652953468910975
40,PT,PELPC,0.6735119728345972
41,PT,PELPC,0.4616532077164648
42,PT,PELPC,0.865578995756052
43,PT,PELPC,0.17583794937414532
44,PT,PELPC,1.3056072705099346
45,PT,PELPC,0.6125081867151527
46,PT,PELPC,0.6357592123864588
47,PT,PELPC,0.3720330107360473
4,B73,PEPC,0.045669051902268686
5,B73,PEPC,0.03554367545560625
7,B73,PEPC,0.05661336664191878
12,B73,PEPC,0.046881289830695616
14,B73,PEPC,0.05030409618163556
17,B73,PEPC,0.05935842355826553
20,B73,PEPC,0.048395302789143016
22,B73,PEPC,0.02213990298089415
28,CML312,PEPC,0.07368433226790763
29,CML312,PEPC,0.058018294118509194
30,CML312,PEPC,0.05574017846515993
31,CML312,PEPC,0.04309536258819614
32,CML312,PEPC,0.03932553442210757
33,CML312,PEPC,0.04655500997018537
34,CML312,PEPC,0.031462200755314494
35,CML312,PEPC,0.054520718672597064
40,PT,PEPC,0.08235648263526975
41,PT,PEPC,0.056625897973644146
42,PT,PEPC,0.04928388382526654
43,PT,PEPC,0.02747640152624199
44,PT,PEPC,0.07025654400642845
45,PT,PEPC,0.07896903028392088
46,PT,PEPC,0.04530605488346638
47,PT,PEPC,0.03602823313562982
