"","PC1","PC2","PC3","PC4","PC5","PC6","PC7","PC8","PC9","PC10","PC11","PC12","PC13","PC14","PC15","PC16","PC17","PC18","PC19","PC20","PC21","PC22","PC23","PC24"
"acylcarnitine_15_3",-0.075752427507887,-0.0813749042560912,0.0163011442942975,-0.0105279036416493,-0.00395864306435963,-0.0891994438266925,0.0786957045646569,0.0351961348356251,0.0867061105572836,0.181763778867204,-0.271918332680718,0.133445968844103,0.149251462857141,-0.193730361104415,-0.123780218783226,-0.123108565316757,0.0268537666117156,-0.23658149169982,-0.0653438174341637,-0.0953586627112512,0.127448774220389,0.0863173443648595,-0.0541899577398383,0.159248240106717
"BMP_37_7_15_1_22_6",0.0200186827799247,0.00158339109647036,0.0321465678485271,0.221650606398114,0.012602107338935,-0.109124909025443,0.0834482147103812,-0.0562761833268129,-0.0192787867535515,0.192025301216692,0.120746861614301,-0.039553682076956,0.0983705577042825,-0.110393601729107,0.0992535153841101,-0.0187670952392159,-0.00924879750334443,0.162604453672874,0.165855816914995,0.122678423833302,0.0846031269867314,0.110521839221307,0.18755890867234,0.0721843303458281
"CerNS_38_3_d18_2_20_1",-0.106335692646258,0.00799382269417555,0.16626185137272,-0.018445727352512,0.0905536984838826,0.104601986149552,-0.0686423124087454,0.0922823383883642,-0.0364690575082052,-0.0268604319606625,0.0352143367395149,0.0742069828560804,0.0332707963414525,-0.0181479190592736,0.0288506023645074,0.0382376059037071,0.00728045336938514,-0.0784787111108881,0.0796063568978073,0.104029311606993,-0.0105849424709217,-0.195043461420187,-0.0452392766209273,0.0144185654337595
"DG_34_3_16_0_18_3",0.123773204882,0.100922684901673,0.00314910366502154,0.0107310167725451,-0.131702871005363,0.0533913058225322,0.0184969184974939,0.118600360468344,-0.0350905582549846,-0.0285390935445694,-0.0169555167383662,-0.147461892388253,0.0122176454428345,0.0616771886828799,0.00138531570279382,-0.0989916209632094,-0.0837600191558648,-0.0124400803135769,-0.0675914823147429,-0.142847740323219,0.00273875004503134,-0.0297455616137576,0.120250001700936,0.0375273645404206
"DG_34_4_16_1_18_3",0.0626030248720015,0.136200918662474,0.0657975929686739,-0.0341103110765014,0.0378043712193702,-0.100626701900457,-0.0385804710834446,0.149700043866683,0.0453307900730641,0.106212224373943,-0.078337485611156,-0.0451349948341516,-0.0276566607084357,0.147103641406894,-0.0775478980680189,-0.101397694332924,0.0110642190399652,0.0466452932242717,-0.0180133297640342,0.0906613384296383,0.0571824137136747,0.115937382395593,-0.0949227052529555,-0.0613807507752101
"DG_36_4",-0.0611125281372769,0.12699161164032,-0.103436908565908,0.0494862831679776,-0.00665429347940949,0.110567801789623,-0.0364021747328815,-0.000448490090620586,0.0661422307301438,-0.100424173888177,0.114107642502008,-0.0907476366180381,0.0873190896358942,0.0103254010632845,-0.145117035095461,-0.113164863327945,-0.0500460885021515,-0.0455803507182908,-0.0947125661935299,-0.0778576097706833,0.023405811917067,0.0271728005109362,0.00349872806842581,0.0545332617867278
"DG_36_4_18_2_18_2",-0.048918946009909,0.148360226501467,-0.107144931588589,0.039627432382927,-0.00209411212843719,0.0572776358775173,-0.038772491745236,-0.000348489107498781,0.0759326875352891,-0.0518278419373106,0.0265867825245986,-0.0436667017013504,0.0827624674235337,-0.00975376868396803,0.0426295053899554,-0.119503149265523,-0.121968150550194,-0.0395581644012062,-0.0491361440623876,0.00389360510197528,-0.0383117264564707,0.0565553705149526,-0.0738660723998749,-0.0411531283351225
"DG_36_5_18_2_18_3",-0.022724301590885,0.150195107419674,-0.0552682547520821,0.0219471537733708,-0.0354710402241317,0.0805760513439022,0.105352148598532,-0.0847899054148682,0.113362676672079,0.0214781112494873,-0.0402009599424957,-0.121000872684579,0.151483275450041,0.138176228863376,-0.0678999110828715,-0.0687780366454363,-0.0490144304385199,-0.0757395277276478,0.0811096999450921,0.0403616367669295,-0.0426663687392222,0.0487500993035809,0.0291226090502049,-0.134800221182304
"DG_36_6_18_3_18_3",0.0480664130782616,0.138901030749829,0.0710772854189962,-0.105479418694405,-0.0296023532616623,-0.0347399392833968,0.0243909172382039,0.123306868663247,0.0273141398031573,0.0952197502110455,0.0205558117833021,0.0110095376045926,-0.0417694616712067,0.0354907195806482,-0.0342672003569671,0.202880748748739,0.0268500274383446,0.061576923294444,0.00668661138739069,-0.0572228096152525,0.0638665938136684,-0.0342453130511942,0.220554821061575,0.222547350239898
"DGDG_32_0_16_0_16_0",-0.0677053630773618,-0.00344895794891088,0.155337391974308,0.048643194288978,-0.0268907636815471,0.0757218542981386,-0.00807066857904067,-0.207683869016763,0.148796304168081,-0.0283949888695287,-0.119045202529516,0.0246586274618555,-0.113133661280253,-0.141352441335002,-0.000445282673066245,-0.141094530266822,0.0815850966378738,0.0467133389446711,0.123185623473262,0.0542752988730406,-0.166854679966494,-0.0649747635134178,-0.029985593598024,0.171019369572207
"DGDG_32_1_16_0_16_1",0.0694807231302154,-0.0282725819038956,0.0785084478635573,0.0699794064374773,-0.0853099254419356,0.115590162190044,-0.0193587969777768,-0.0743440169685205,-0.130220224083029,-0.238223626178655,-0.106123366467857,-0.108337405558261,0.259676611523297,0.112105937260563,-0.157300286659865,0.159256722947711,0.0590591730288031,-0.0129938356933412,-0.0122260999434197,-0.042187790503459,-0.241325892158434,0.141806164468908,-0.0414299300367544,0.0398939493295431
"DGDG_33_3_15_0_18_3",0.0533044668378796,0.0170771410600487,0.138605093134245,0.0749791775964185,0.0756670635319554,0.188766575972262,0.053013348232161,-0.15124459255038,-0.118283688848582,-0.136639612708772,-0.115848967982678,0.0677394285973578,0.0683878315056217,0.0405803436384296,-0.129931417981294,-0.00675598208077103,0.0678211246198714,-0.0161171281761014,-0.129570826654475,-0.0872811947472212,-0.0429834481610114,0.0506346903409418,0.21855930909069,-0.012570571286544
"DGDG_34_1_16_0_18_1",0.0628094437324868,-0.0607141105488206,0.072872053981787,0.0472513749868737,0.221978138775583,0.0586685804377264,-0.195067427728587,-0.0154552580436417,0.0620619870815054,0.0590604415758432,-0.0997915694491117,-0.220767501428473,0.0964165507908369,-0.0161811712879753,0.02218045194863,-0.146827601868751,0.0393567410470172,0.0324414571720657,-0.0693295461394991,0.152319365922332,0.0860171886478458,0.0274129124259635,-0.00260094220908369,0.0410431891556094
"DGDG_34_2_16_0_18_2",-0.074363912221867,-0.0457939833191715,0.160065930744854,-0.0362500609276272,0.108653914818133,-0.0383160238600913,-0.0446543723288568,-0.107644511513247,0.0487417651581216,-0.0733507866217286,-0.0588707116217017,-0.227996601320009,0.0244407456447981,0.0765410701632789,0.0929484122655681,0.0952814613461034,0.0521920982911183,-0.0268895553257976,0.0498532354391273,-0.0479720346429366,0.217926834014974,-0.0210753852809691,0.00312823509042352,-0.337553941553625
"DGDG_34_4_16_1_18_3",0.0904220951489878,0.10388518390793,0.0894240061238569,-0.000771659375071154,0.0168840640936961,-0.129449118621034,0.0295585603118787,0.163413939899843,0.00886256003974825,0.0754423464044788,-0.115558918423488,0.0841572233153089,-0.102562585780217,0.000784748418080791,0.0798969447916123,0.152420324884517,0.0798460850867942,0.0366512458746163,-0.105609036977634,-0.0104260860772052,-0.0262041804428817,-0.0253929654805887,0.029293347509525,-0.0361675634467279
"DGDG_34_5_16_2_18_3",0.10845530380918,0.120395485840594,0.00238912604671959,-0.0119376270771124,0.083697647016468,-0.0998750866250614,0.0102997531520805,0.0665746979083755,0.104055889854205,0.0378541677198237,-0.063741728335504,0.102308225460333,-0.0188597136850167,0.0812006160731607,-0.113272997632854,0.0219551013329837,-0.011637860538688,-0.141764522126488,-0.00596483151213975,-0.163304676779934,0.047827891642771,0.111426297413835,-0.0143557451731678,-0.0550585428869225
"DGDG_35_3_17_0_18_3",0.144829185551761,0.0747310864231496,0.0719769645282801,0.0503588359337563,0.0527584281809346,-0.0130286141961485,-0.0695139753678571,0.0306224365001566,0.0630980228312104,0.00543846144670906,-0.0376820003803584,0.0369342724847181,-0.117612779797183,-0.0167633915980016,0.0275582020809841,-0.0778577845748754,0.0523253508608854,-0.00876731764963799,-0.100168154276931,0.0347460329873954,-0.0118381371979103,0.000186779159194973,0.0951063778641901,0.0440647975569248
"DGDG_35_5_17_2_18_3",-0.00886314757759635,0.148527467864693,0.0010136470053753,0.0452940736271045,0.0642896259569133,-0.0473155390066932,0.0922303844482501,-0.169908988609743,0.0103105051465176,-0.0909019000007659,-0.136672717317412,-0.124918355457538,0.0413651880672058,0.0890473909865748,-0.0206404565608547,0.0812715938881778,-0.158140814158674,-0.0375957537406847,0.0805282216866628,0.0144632754332543,-0.137493576024669,0.0604551361878649,0.138832377536474,0.0985351554527214
"DGDG_35_6_17_2_18_4",0.124817047793776,0.121149417578413,0.0383737535485295,-0.00353964362261205,0.0541034463529666,-0.0127906154686989,-0.0122663293216164,0.0571509992013535,0.0869571833628565,0.0265685088352668,-0.0525720147192669,0.0626615665605729,-0.0394881041059041,-0.084880692075679,-0.0581272212278743,-0.0726928905479186,-0.0293309330427402,0.0177349602875428,0.0747518235114666,-0.036134896793587,-0.00829568537423922,-0.026330578973962,-0.0477669670018835,0.00282402589326182
"DGDG_36_2_18_0_18_2",-0.0321895899543632,-0.00274316906053324,0.160698711340622,0.0937766372985972,0.0571318043129098,-0.0118728326065495,-0.18035938499885,-0.0308785076045545,0.00861738491321956,0.120414485287417,-0.0529156914730354,-0.10711803923205,0.0761066095719655,0.269587029932449,0.157165475402957,0.0538286817334556,-0.0122943171473399,-0.017477911828358,-0.0744591727129634,-0.0524967203676534,0.168613732326361,-0.0949772292632199,0.0736791283849121,0.142702168443746
"DGDG_36_4_18_1_18_3",0.0658733219538819,0.150365188020911,0.0269749313700276,0.0288087978560487,0.0824267421525751,-0.0934543355855646,0.0455450357384687,-0.103762665326698,0.0251575668113478,0.0157023746987897,0.0747195819578663,-0.0485615981072267,0.0737060583126187,-0.0391660927682027,0.0221717723062001,0.00358364018389076,0.11956452264036,-0.0580133799042316,-0.107421795988179,0.229272786983322,0.000916227149529529,-0.0356671074082822,-0.111016405849608,0.0312566731053321
"DGDG_38_5_20_1_18_4",0.0725998496226118,0.107257265584577,0.081556907070575,0.134562808858794,-0.0440332342893673,-0.103071884912485,0.0259492299546065,-0.0227702189293843,-0.126614417719357,-0.0510552312507462,0.0264595738583649,-0.0341165672768717,-0.0214283839847431,-0.0899411071166367,-0.0194073916314918,-0.0173996404570781,0.00668399075657175,-0.041059480661333,-0.0690598653138979,0.252451467267917,0.000649890221684272,0.0551473629256511,0.0833744999200168,-0.0430872169295977
"DGDG_38_6_18_3_20_3",0.145265594525791,0.107538418925751,0.0124405790237022,-0.0238502779675999,0.0205180796295212,-0.0400713796130469,-0.00985620392273629,0.0455512618829177,0.0203346000314813,0.0325223906065894,0.0106903165022777,0.0722303838612143,0.0267914953215376,-0.035189572060859,-0.0369124731934946,0.0709619530407555,0.0202453471047716,0.00672159678945951,0.000317838047664195,-0.0157881168661444,0.00671632547000938,-0.0114510308430898,0.00325117179877918,0.042572061798723
"GlcCerNS_34_3_d18_2_16_1",-0.082945634439211,-0.0360390831890068,0.164654604521923,-0.0864083523917199,0.0308694355045181,0.097871232348971,-0.0847803275373172,0.142946593683264,0.0345408893588591,-0.0676934506976948,-0.00911156423685255,0.0217962107127843,0.0576633275938473,0.0470081310516205,-0.0780831851914124,0.0810356929470021,-0.00873336802595819,0.0103912137311547,0.0736107262555085,-0.000481301110264501,-0.0587416563982465,-0.133760407269971,0.162729890505209,0.0852194924514015
"GlcCerNS_36_3_d18_2_18_1",-0.126615566325859,-0.0131707844657334,0.132300022673348,-0.063232870057122,0.0832134733087316,0.0960760152781079,-0.0108641375851578,-0.0117589302329289,-0.0562953980582138,-0.127200787863952,-0.00117809911334305,0.086914590569086,0.0184972608669651,-0.0496128509289739,0.0103146718407461,-0.0277860460212535,-0.0350929453896496,-0.123162720748026,-0.019181517332724,0.0558463560564792,0.0413409353617545,0.0400223269088164,-0.103951038606829,0.0762445607561278
"GlcCerNS_38_3_d18_2_20_1",-0.0905810298089959,0.0194831991208171,0.179597690038142,0.0110215396383732,0.112236783848257,0.088250705886259,-0.0535869713812505,0.0987015906428248,-0.0128808199923794,-0.03273908727804,-0.019513682938604,0.0296494153775719,-0.0105002762458373,-0.0213557054502021,0.0456702580017758,0.0944917279320533,-0.0170705367882131,-0.111554838575637,0.0971354876866866,0.107951361951176,-0.0807002110758147,-0.201825852868695,-0.0288463531054046,-0.132050671139246
"LPC_16_0",-0.0882603285228671,-0.0586749587620368,0.0515124080152927,-0.130065326704517,0.089443782829194,0.0702203562218195,-0.0111426496591428,0.105692771742819,-0.182512414854613,0.0865498582418075,-0.00580309097062634,0.0767228245116801,0.0739238392577758,-0.124944912980606,0.0447579706779117,0.0424892661833581,-0.220406642487392,0.148617292308001,-0.146134301129049,-0.0323879611978318,-0.241043004811852,0.0269104891541113,0.00394972943149622,0.085658372069105
"LPC_18_0",-0.105243028554295,-0.0789056494302002,0.0887673172130282,-0.0680616768555646,0.0175718978035649,0.113480454877869,-0.105531680741044,0.09007006727539,-0.0199856695113137,0.0216015478376879,0.152286647268081,0.0836043295241134,-0.0450645608331775,0.111425574295004,0.0440300282821805,0.0253338652168547,-0.0166392831386247,-0.000545836078399123,-0.0601549488822017,0.00827803521202735,0.00824839938838245,0.425369444203887,-0.0411583000908081,-0.0552899074185181
"LPC_18_1",-0.149142903877431,0.0524347100156475,0.000158916367368377,-0.0150473530181304,0.0278175545332786,0.114234490514177,0.0536047334903549,0.0576601467452309,-0.0829656722937034,0.13930560178164,-0.000694809125562835,-0.0295352833733204,-0.103155910977382,-0.0184259458455015,-0.151944487921637,0.0677771021448236,-0.093136334482175,0.0678017875868411,0.102476238681979,-0.0427026296463424,-0.0322492043302876,0.1181181794126,0.0171884981895707,0.0533339151972304
"LPC_18_2",-0.154362184432003,0.0652512829699385,-0.0410453256435879,0.0589793786686662,0.0155788417675219,0.0431409921232214,0.0716482359745954,-0.0463130410279342,0.00696259832267417,0.081287702644314,0.0121633649656413,-0.00455943436429893,-0.0603694482912394,0.0202212146784964,-0.123373043066989,0.0213043857704824,0.0101341306463516,-0.0361567273250533,0.0965579933026449,-0.115634494382819,-0.0426879748042394,0.0580941566512879,-0.00328898643428821,-0.0220713136709447
"LPC_18_3",-0.14675240578874,0.00158038655018075,-0.0830540465322121,0.0282971759495399,0.0593322403037832,-0.111119019593321,0.0654046305878312,-0.0103528331078555,0.0821065069750175,0.00122633340872583,0.0316619216158725,-0.0849517761533972,-0.127806224011823,-0.0568500574676093,0.0077789447663568,-0.0389670835690228,0.0218163110659825,0.2252537258902,-0.109705898337511,-0.0872431206957724,-0.11244098467192,-0.0202585186520431,-0.0197816422557955,-0.0195441469974857
"MGDG_34_1_16_0_18_1",0.0176701692143677,-0.0899125048965831,0.131745714221661,0.0620497729988669,0.0826449989186833,-0.0852500098816656,-0.229366246931386,0.0649966621564941,-0.0134836234644031,0.0632802319315905,-0.00818874461725631,-0.0964324825911014,0.0650259531439754,-0.0905725596743015,0.101071025910384,-0.0300863675911607,-0.0411893898659786,0.187272315388257,-0.108311148673433,-0.0408805568979103,-0.146143880104608,0.109742205772034,0.00786288390094398,0.0516526951119861
"MGDG_34_2_16_0_18_2",0.0341659444708845,-0.0281670930660442,0.131345334416603,0.133267710045263,0.0610094885976721,-0.133609645910062,-0.117192236258799,-0.0386658263396914,0.0212163388090824,-0.0794870560048702,-0.134065574850679,-0.202760340032096,0.0902352364800382,0.0702719823168031,0.160752269935083,0.0517217183346602,0.19780299344607,0.0319843026158918,-0.0006061383749701,0.0262819707877701,-0.108872023281181,0.0647181919580763,-0.04405806652577,-0.148147640280661
"MGDG_34_3_16_0_18_3",0.116285844555884,0.00656783870129689,0.00378491268642132,-0.158660015840673,0.0498055801463342,0.0504054126695498,-0.100185286830359,-0.0979187874538362,0.139707990141102,0.040000918865812,0.155509602395595,-0.0464240984778049,-0.0121743815559182,0.0778246485304401,0.048487840982148,-0.0531546992633887,0.047572039045822,0.0487348793221499,-0.0525866189998198,-0.194856122685489,0.0391500378293315,0.0164596639186752,-0.0229848310469094,0.0595374410245374
"MGDG_34_4_16_1_18_3",0.0934115295604306,0.0735967115610554,0.0239426621197347,-0.101740671939963,-0.0855314624433934,-0.100718089902923,0.0629765977594912,0.226052674636602,0.0633426618283687,-0.105960885966897,-0.0253277271398844,-0.00283229998801849,0.10679893403491,-0.0604804196850968,-0.103667684481209,0.118118947205859,0.126210779025874,0.0577243337592451,0.10480591927195,0.0246944530749005,-0.0874025357452851,0.0573372207520934,-0.223021346880148,-0.0630487431874506
"MGDG_34_6_16_3_18_3",0.141331388620481,0.109081293694482,0.0230385393183677,-0.011110893162902,0.0352739958298661,-0.0250861688079208,0.00534166243263687,0.0946293140113492,0.0591774294464699,0.0104042551891466,0.00273913970408691,0.0445786040611651,-0.0368726563907037,-0.0101719545819054,-0.015773874283871,0.0244756948430914,0.0601573395812168,-0.00543554814075164,0.0110076265848899,0.00211696872487852,-0.0227458619702239,-0.0241497985251797,-0.0348012746579179,-0.0949733899607201
"MGDG_35_3_17_0_18_3",0.147316601636183,0.00387833532942553,0.0971974722666334,0.00908520950487152,0.039908746084805,0.0386481275596465,-0.0889267768475714,-0.0793932431899963,0.086991581216431,-0.0266526844268995,-0.0828629222289795,-0.0711749655729695,-0.046434323071611,-0.0512796720574938,-0.090166192289674,0.00251966689551209,-0.144207291853896,-0.0198704640903024,-0.173274094268391,0.0805985232154009,-0.00504235937882303,-0.045438199304138,-0.0401898525893826,0.0513220293436944
"MGDG_36_3_18_0_18_3",0.129907560543252,0.0855340172913883,0.0587239569728188,0.0452614323237992,-0.0834156275108154,-0.029049354602462,-0.0965433739680829,-0.100769097505641,-0.0225140891556383,-0.0321532245572737,0.0594850854395896,-0.00509500488378067,-0.0890885458141905,0.0634051305086325,-0.0362665220961518,0.0323212114112064,-0.197127918151462,0.0981086783413348,0.0727241692958992,-0.0212869392681106,-0.0685971929785803,-0.0126534698204597,-0.116897590095258,-0.00741576009971559
"MGDG_36_3_18_1_18_2",0.0547083354006983,0.0964797103613402,0.0633985691768482,0.0392901508715824,-0.04448384084477,-0.0571699104530097,-0.0906605211980105,-0.0180244840295842,0.00275348466920107,-0.0117039042507432,0.311509390517465,-0.1714771896231,-0.0276006185995052,0.0184446471215211,0.100663574804056,0.121704805388077,-0.261857155780712,-0.135888742582866,0.2103049851542,0.0257076950083281,-0.246265095093939,0.0338155031047851,-0.174474658185566,-0.0242253898983824
"MGDG_36_6_18_2_18_4",0.140729326483977,0.104781157107174,0.0245727991892912,0.00830341608325072,0.0225083432213858,-0.0173108331973131,0.0526443631668843,-0.0527155662117677,0.00535119676697454,0.0661928964920543,0.0654818079393424,0.0184244676962056,0.0600303111847082,-0.0877586144667034,-0.0182352263454154,-0.0317552033732635,-0.017262569143625,-0.156188371657318,0.0817815361365,-0.0106346616366037,0.00549244542549871,-0.0451294880102196,-0.0459792352098547,0.0484875121092491
"MGDG_36_6_18_3_18_3",-0.102079782744475,0.111283844093855,-0.00262603220861313,-0.10266819043537,0.0599963809315969,-0.0549815307483027,0.0399370763889386,0.0434241285542868,0.0352197871497775,0.116886026811698,0.0188028014104518,-0.0478653397815152,0.171850088146857,0.00620189871104411,0.0731404287814878,0.118274941261764,-0.0433245665947103,0.0981192786954498,-0.125723065417845,0.159919627423478,0.0766206963892445,-0.0273089794714373,-0.0616403223517956,0.033726545458432
"MGDG_36_7_18_3_18_4",0.140421929868107,0.0956646480724507,0.0277173871229656,-0.0428395326408561,0.0421346560193589,-0.00172706449925729,0.0449410636246627,0.130727590239087,0.0605998742417692,-0.0226828770743616,-0.0279724990971718,-0.0114642677929965,-0.0426184359400558,0.0249771821773855,-0.0541461972488326,-0.1157222203785,-0.0279617896347784,-0.051892942685468,-0.0170881543966186,-0.0226875757168231,0.0254511562259818,0.00106033891804359,0.0246484650693587,-0.057258939345777
"MGDG_38_5_20_2_18_3",0.0730880621591355,0.134662718025523,0.0884815837505811,0.0947453631967889,-0.00395540183230546,-0.00991787280769533,-0.0110587356886717,-0.0599633090219609,-0.0927441952512531,-0.0109949369835097,0.0402841227151076,-0.0287080511057848,0.0380311635975643,-0.0718204020744477,-0.103501050684696,0.016787146262288,0.00628605110615293,0.0833191649503742,-0.113885405175576,0.0997481373399595,0.025622250877455,0.0221281224712705,0.0334752559901578,-0.0405662200382343
"MGDG_38_6_18_3_20_3",0.152663904642187,0.0831746596801831,-0.0302813206289945,-0.0280053424761396,0.0752280416628889,0.0397813564556143,-0.0121386950626339,-0.093652658293565,0.0181870550971173,-0.0254299997443008,0.0144271777070082,0.0143252651114176,-0.0167296136902664,-0.0674558829894236,-0.0307847430803312,-0.0476475988760404,-0.0127437406646578,0.0358903624941638,0.0552047402489198,0.0185103604744965,-0.0033145995702297,-0.0514820193205749,-0.103020920229477,0.0290056391216694
"PC_16_0_9_0_CHO",0.010425224836858,-0.0983169255998326,0.0658623423191341,0.157904364902754,-0.0118185071572632,-0.0693169526174533,0.0474701749228322,-0.0336196458493872,-0.0158198764976688,0.13457848081677,-0.186351540217086,-0.0769632955505849,0.0441288188423083,-0.151252183287163,-0.151168149059661,-0.039998527448906,0.247549395772014,-0.0796751609167977,-0.0646096180081727,0.0576021287132548,-0.119367018272576,-0.0156277315780499,-0.0288515845913454,-0.0577899798574712
"PC_32_1",0.116079376274852,-0.0659004338435995,-0.0815923168249433,0.0408218665086142,0.101620143297036,-0.0455280755367946,-0.144073128061961,0.0410982180244727,-0.0763854283418268,-0.159285828803482,-0.0285548164388484,0.0767480534195237,0.118986721268877,0.0933919512271002,-0.0746512493436245,0.0303552220385191,0.0162935782085801,-0.0684780663772107,0.124053112245058,-0.107118631717853,0.0139557075855022,0.0696969823023806,-0.120777071293812,0.032599420081857
"PC_32_2",0.0442788130672805,-0.0510209863235878,-0.139983472781272,0.143320281830961,0.0477673179525316,0.0311739009816565,-0.0476730636980127,0.0716041922791776,0.0319447334205312,-0.136379554071673,-0.0271572580778786,0.0965306719279976,0.0363363805648301,-0.00936043388099137,-0.086430359740498,0.262244751957505,0.228239772336267,0.0926047975143002,0.0889810833631738,0.04903849326747,0.050544653794306,0.061477151461717,-0.113772030117202,0.110412706299076
"PC_33_2",-0.0023604647693105,-0.015305885858352,0.0725441077333427,0.159897100287981,0.0455488056737454,0.0304285420821123,-0.106273443256175,-0.0152525667649768,-0.0530067422390387,0.171466444586328,-0.181961618148437,0.292666230484705,0.0357436846411226,0.222386704718199,-0.080854986769915,-0.134392031227071,0.0146465244790589,0.0694990306358542,0.0723953925605948,0.0438734719410796,-0.167542325846937,0.0343641347046966,0.149876933745211,-0.172085659812701
"PC_34_0",-0.056877941787081,-0.0463231273281149,0.10158919291766,0.0872293185071973,-0.12926108206597,-0.0600580916491231,-0.0731273357655572,0.0585775756822986,0.13499894705771,-0.066533450442566,-0.0846154846783004,-0.138518286347945,-0.00232753515368797,-0.317707113776392,0.00956896972722157,0.291547355010658,-0.0534540553032286,-0.0392488570867623,-0.0048871325449507,-0.1284987185509,0.103217825391079,0.103032282702109,0.0420459283077123,-0.0979743209357807
"PC_34_1",0.104869713183101,-0.0606844159093524,-0.0160907104469282,0.191633215717468,0.0559066207740747,0.00680653752036762,-0.116963682767571,0.0344094313896505,-0.0652645196218434,-0.0175532569348937,0.00872679515448687,-0.0433417168867702,-0.0296330858857237,-0.0368400807402217,0.001184771601466,-0.0600969186781778,-0.114874604486672,0.027648566200071,-0.0139415977946493,-0.0386183540354213,0.0219175877869924,0.0269148390109079,0.0147771439874413,0.0623856318073822
"PC_34_3",0.106770967972942,-0.124948502964447,8.81036500025665e-05,-0.0871933651987202,-0.0585104597625717,-0.0413987718925613,-0.00234800706519164,0.00564408004315301,-0.109616309391993,0.0500754632282901,-0.0640226317629002,-0.0603462681580105,0.0322094261966718,-0.0819440349566932,0.10279650970858,0.0104988162246418,-0.0631904725120971,-0.0724163809233798,0.0598219150895317,0.0207864070845755,0.0461915451624699,0.010693472565692,-0.0201055096633282,0.0532756598505667
"PC_34_4",0.133953110210652,0.0029757683643901,0.00805487609140053,0.0733675853176267,0.076401430192372,0.011878381820498,0.011290928568633,-0.0554164028257711,-0.103430917593188,0.113726275258683,-0.0922349729361143,0.0940628091867199,-0.251047358719105,0.124487071521119,0.200701510451042,-0.0567162641207735,0.0740878459975208,0.0447138129470914,0.116359960643117,0.0266374949858454,0.0598471059336952,0.134408319847996,-0.00388907245774943,-0.0374945605734815
"PC_35_1",0.0258672578903486,-0.0123401619770191,0.128489995329703,0.178744813060824,-0.0539205319435688,0.0897205345652569,-0.0365349306763816,0.016464169609759,-0.0112318425143691,0.106292787277033,-0.125696460112547,-0.0966976633961542,-0.101632065607629,-0.00311285088196816,0.0796614220759975,-0.0123740044760526,-0.111512607137308,-0.0478277291833933,-0.27354427348907,-0.0583973736662533,0.131070027629429,0.271600240818159,-0.296526997987713,0.087834790723219
"PC_35_2",-0.0757156302082554,-0.13524110691263,0.037186580033332,0.0585350967435295,-0.0133968188945025,0.0462081178824663,-0.0572093320966621,0.178185540373567,0.111280017056058,-0.0450063952877734,0.0188633747073728,-0.0535493491308104,0.0528312150927965,0.0444693305997845,-0.133461747444644,0.0192844555365967,0.0159224598106548,-0.121776465140497,-0.0475658101458853,-0.0031067974763802,0.0765634804268629,0.0146345781598962,-0.0600188245573501,-0.0825110918066142
"PC_36_1",0.0453950919316138,-0.0913060997713327,0.0212642257500406,0.174157627808398,-0.123921804100812,0.0028681775104071,-0.200141239474216,0.0509838579413992,-0.0357178736163987,0.0309368840669319,0.108895894339657,-0.0137728138312944,-0.0131700092610709,0.019656671297336,-0.0808167947401793,0.00152013622239891,-0.0875784224164571,-0.0378608627445117,-0.00481397806295354,-0.0386047441348409,0.0440293574785411,-0.20817144253591,-0.00507427899659036,0.087440567562222
"PC_36_2",0.0421375419075285,-0.0880069787797554,-0.0401587265414179,0.211125835624911,-0.075372462314426,-0.0192582796002058,-0.111451382010545,0.0821863297896338,0.0250755396989292,0.0270664692070974,-0.000984477733043671,0.0165249425777833,-0.114063364592731,0.0659417769846798,-0.0246007560995577,0.0861831195862064,-0.013282761394412,-0.0172991787593557,0.0412734531390482,0.0498126769516354,0.0389096630247489,-0.125040656070588,0.00705639572107711,-0.0430755221386946
"PC_36_3_A",-0.00673147474762419,-0.0959551185861205,-0.0556029874454233,0.190643626974283,0.0925361431742227,-0.0375189040375468,-0.0554959764472464,0.116742304761186,0.116857857249006,-0.114797751415484,0.0541190980214625,-0.0118610542121721,-0.0454023953398784,0.0615823627421429,-0.0876928205549681,-0.0153593588389287,-0.0433642151991478,0.019106124656948,-0.105242212403399,-0.033597418286686,-0.0300054916133211,-0.0517753283819011,0.0953541700637993,-0.0541618865906204
"PC_36_3_B",0.0619059602737704,-0.128894055630869,0.0158928118365695,0.0177354463117289,-0.224462130894764,-0.0510950786307198,-0.070950555482479,-0.0533539995208971,-0.0537565323532036,0.0632327099969408,-0.0547530708073637,-0.0263765430915579,-0.0953507518459215,0.0680411471113526,-0.0058304733876111,0.142099032568077,-0.107359613364225,0.0232881137904002,0.00455041808279178,0.115880343447907,0.0610274025991625,-0.138398120707666,0.0160440134166617,0.0426134566736397
"PC_36_4_A",-0.0806534094098803,-0.0653167133357161,-0.108167561021279,0.107421721821384,0.145914076699232,-0.0516314170856662,-0.00401374314502939,0.155012581625734,0.0958879557511948,-0.0681792630465429,0.157199389888409,0.0253408523129383,0.0257157229137077,-0.0290641049844327,-0.0167145734216436,-0.0346864818236026,0.115948453465188,0.0352248341071448,-0.00689988358605128,0.0743655237647543,0.0513238779341419,-0.00671739473018015,0.123804215317575,-0.119944897049397
"PC_36_4_B",-0.00617176338916173,-0.0460734890922398,-0.0491673497785259,-0.0472497728983416,0.0575041865563909,0.192794071001947,-0.105200171921216,-0.283830316273065,-0.0625987099207128,-0.04824469406328,-0.100757887547779,0.175897914734593,-0.126498761613964,0.10827433172642,-0.0962356679828733,0.205466212356449,-0.153952483814544,-0.0583248744731555,0.0738983800541706,0.0592185795077743,0.317003701493633,0.105319118305131,-0.134817156533886,-0.0389035222763129
"PC_36_5_A",0.117107640307565,-0.106709617132155,-0.102180466304109,-0.020417074787662,0.0328478544406072,-0.0534502120584061,0.0362326406968573,0.0204201581153834,-0.0542431128754694,-0.068079954834469,-0.00183584536173849,0.085364397546573,-0.011891520514139,0.0577642056655553,0.0293691022360356,0.00282718535631717,0.0326893152156847,0.00794715852349931,-0.0993111307534839,0.177834013501075,-0.00499709591658216,-0.0221387520757569,0.0528921619608306,0.142223383329165
"PC_36_6_18_2_18_4",0.0199682625024083,-0.135827474372887,0.030238511412093,-0.11444709409404,-0.027721823105584,-0.0906401299908772,0.0425138186048935,-0.00854082193464922,-0.0996891050562947,0.0940825275605515,-0.0795171703470214,-0.0468236720901533,0.090562818088123,-0.246573209696805,0.0452512825115317,0.0188488081765488,-0.159636877630455,-0.0156950575557286,0.0443108376009161,-0.036854310739404,0.159858050166335,0.00461261190113982,-0.0684022013640652,-0.0872184160746858
"PC_36_6_18_3_18_3",0.113929208698502,-0.110012933514178,-0.0399664973635896,-0.0443911954068229,-0.152495263992056,-0.0536910481667878,-0.032864230646405,-0.00913456262184208,-0.0420631799370105,0.0168500140643338,0.0163941577870291,0.0145285925361031,0.0557880333402613,0.185415840991205,-0.00519596290058237,-0.0907291529566741,0.00621836432456749,0.00888073636778845,-0.0610725713063656,-0.0415690977944954,0.0574927878876229,0.00727095863042672,0.0726661982421896,0.0116688863221808
"PC_38_2",0.00394675712984514,-0.136237176078349,-0.0782865562584936,0.0316497665242201,-0.148187475320523,-0.0114108078875089,-0.070265621801828,0.105258301153254,0.0520116211836437,-0.0749791655498327,-0.0520273836605903,-0.0424403636447496,0.0187880604681952,-0.0774506547292162,-0.242229540215537,-0.0142281648138447,-0.104458111067299,0.108455077041845,-0.0306686309473288,0.210490591826519,0.0648845786640386,-0.0848508250769426,-0.155202418941007,-0.11813463122394
"PC_38_3",0.0728233388515533,0.00106653748745427,-0.0405044204353511,0.200782534900526,0.146140431942663,-0.0142860520308245,-0.0819342231833299,0.117808498333512,0.0912691542867893,-0.0629946745648842,0.015612723536719,-0.0172087844593872,0.0405093650835275,0.0196992787582609,-0.0804366898302587,0.0203130042874551,-0.180722734753402,-0.0699843763406878,0.143309336437367,-0.0888048686870068,0.151112642351457,0.012340867590911,0.147047204434079,0.120574262721593
"PC_38_4_18_2_20_2",0.0288834696527111,-0.0142400773596632,-0.147115352180119,0.154822395714166,0.167994962331611,0.00377660185405212,-0.0414470862265602,0.0898002704723385,0.0479823077767982,-0.117066294280802,0.0358243635375087,0.00503974460563218,0.0373321609038763,-0.0359706601485852,-0.0908338843706705,0.00781507418202754,-0.0102769836978558,0.195873386898003,0.181995283864335,0.0455555521272257,0.0933192543381331,0.111597834791073,-0.0241393196181768,0.152854653484861
"PC_38_5_A",0.130997769216465,0.111475581052774,0.00157719863118748,-0.0178123912989518,0.0998028387809663,-0.00703681263173588,0.00284693486476248,-0.0365416993204988,-0.0162233586318467,-0.0277499254736447,-0.126228674352376,0.0269816580214532,-0.0394736781863957,-0.0917550752353506,-0.0605760177732155,0.0388855900036777,-0.0954655457146807,-0.03704718840602,0.0665002361050081,0.0552606934306006,-0.0248065372878109,-0.0510744821740774,0.0485403751171035,-0.0564828831256585
"PE_32_0_16_0_16_0",0.030350289897065,0.0861610556592764,0.101079245788796,-0.0496369357094142,-0.0566879514394238,-0.0895479312342772,-0.0133660620306226,0.279859077595997,0.124232175478254,0.0555003900787237,-0.160843546398657,0.00353330321990499,-0.0941443442053163,0.0609956269472495,-0.106237931889653,-0.061362914239305,-0.0807098948449842,0.117848028155101,0.138193912173247,-0.0657565741385331,0.000748422544515996,-0.0118497151277635,-0.0358970085970465,-0.0493224508828993
"PE_34_2",0.100917103170987,-0.0684777692220595,0.040869567331314,0.0442240321648714,0.00127467047605602,0.218571401914802,0.0566957466186047,0.0480648240136691,0.173640185993215,-0.0913468597922163,0.0742980863741349,0.0984211533402499,0.0773635361725657,-0.102125751293872,0.200373529704651,-0.0193454817989114,0.0196749084177429,-0.0407848475297724,0.0168422194983672,0.0164717456721037,0.0110796831763332,0.121266437902472,0.0806132302245819,0.0727562119865103
"PE_36_3_18_0_18_3",0.0223689901470779,-0.116658836711442,0.0587236654719651,-0.0716086529476421,-0.245338887612108,0.115487752935989,-0.043499622294499,0.0290341301118472,0.102211253449519,0.0264593493419982,0.0699811385263958,0.0638122546617483,0.0158817210674263,0.110831595692355,-0.0257343606604658,-0.0243668707642863,-0.019954644917939,0.0794603161348283,-0.0342279854112584,0.0149807533552215,0.0397349951095383,0.121351518571567,0.0650562268269269,-0.0647553931954986
"PE_36_5_18_2_18_3",0.124793761344607,-0.0723111892586492,0.0181236634869177,-0.00824136199237633,-0.122634628682494,0.158277849601818,0.114028567786325,-0.0285020654780601,0.0922864942670051,-0.0806053182070232,-0.00157411681766349,0.0755087932874844,0.0085841028445203,-0.00628983639118601,0.192353100573699,0.0624726652161935,0.0475644043151885,-0.0155031339691307,-0.0358947025591061,0.105135351571402,-0.039046098051765,0.0581275506864196,0.0266334295606725,0.0524121608378827
"PE_36_6_18_3_18_3",0.0998599733179469,-0.04754868752362,0.0575765474739386,-0.063568647940468,-0.261782012763828,0.0224246830953678,0.0956924784259212,0.0449813600915899,0.078465415072688,-0.0222361767230046,-0.0973217115616987,-0.067280898560461,-0.121126724076378,0.0477998020842426,0.0247501291185652,-0.116056068248922,-0.0136977651190457,0.02564250694847,0.101621164035947,0.154340066620679,0.0441335623852403,0.0157034306155889,-0.030331109732118,0.0452273199475823
"PG_32_0_16_0_16_0",0.000900363707326495,0.101073116088389,0.108305370545969,0.129285726471149,-0.0969939239844595,0.0759020561597682,0.0643409597251323,0.097758356274445,-0.163674399448705,0.0789773280132988,0.0881825505069792,0.12309406337106,0.0345468987054003,-0.0712868638093094,-0.00159001486440432,0.00358048834908847,0.0579109406606152,-0.00160651596037139,-0.047690081272334,-0.00905862546687171,0.0489196978761294,0.00299509192024755,-0.00835820613013991,-0.13957632884489
"PG_32_1_16_0_16_1",0.129651928585458,0.103152227754886,-0.00337023838522903,0.0645554540840736,0.0383789186364825,0.0290978516407307,0.0128256811414812,0.0189096662119619,-0.164505968604277,0.0205029313100386,0.0731927895003664,0.0606082931678458,-0.0201471014829503,-0.0237892813496768,0.0984930656274898,0.0309457265964646,-0.00435374308589705,0.0323300160378509,0.00430344469997951,-0.0656337494070649,0.029249972615929,-0.00369430928960316,-0.00157388978016827,-0.0869833225055844
"PG_34_2_16_0_18_2",-0.0710376736428928,0.0693923783128765,0.138533492092824,0.138592659956022,-0.0675782612640944,0.000407603396831832,0.062947834570331,0.070246198920399,-0.131573622674282,-0.00866862698983622,0.0530571571534816,0.052229738728409,0.014194899718462,-0.10491697807838,-0.0366751346945829,-0.0606179503216622,-0.0381879335634279,-0.0110046581960088,-0.0227610474168763,-0.0425555051532644,0.0798894111119912,-0.0072853745119255,-0.0116520299888076,-0.157332645046828
"PG_34_4_16_0_18_4",0.119886049786954,0.10308134367502,-0.0287689921011458,0.0550562610485911,0.111117317266153,0.121498070656132,0.0117960404773104,-0.0558526367148101,-0.10243874162342,0.0265350531307289,0.0522552864513289,0.0430524273251525,-0.00194195812055337,-0.0718643355766343,0.06241152050293,0.0110243459930118,0.0436073836494704,0.0873283128359091,-0.0395586495898494,-0.0571930156825261,0.0218622950242145,-0.067886279789682,-0.122742366136498,0.0612767414214616
"PG_34_5_16_1_18_4",-0.0316906074160747,-0.00918337580295614,0.0408559707158576,0.104988309862711,0.0372880651421436,0.204754243521416,0.0764344873205449,0.227750298821535,-0.226216811148194,0.0568741895639936,0.096464946455013,-0.188646675482021,-0.0801688973090374,-0.0538041406562732,-0.0707531222345115,-0.14116073561764,0.0823529763923428,-0.0649013580529758,0.0568905318913429,-0.0248233225960046,0.0877898666315221,0.117959422692768,-0.0746167160668205,0.142500514600001
"PG_36_7_18_3_18_4",0.130601194612285,0.0901383041871967,-0.0168242020806242,-0.0158945099623401,0.105279539757948,0.140964220033391,-0.059239641250346,-0.0372644575796597,-0.0139385782543494,-0.0328493146889149,0.0281299046076751,0.0554139613424527,0.00354297181458833,-0.150589041267258,-0.0418712481618395,-0.0809339055532677,-0.044525718388258,0.172997356410727,0.00437971001759,-0.0229493196650375,0.0386991251455929,-0.0608270405061475,-0.0137366171250369,-0.178653707981411
"plasmenylPC_35_2_P14_0_21_2",-0.10201080269826,-0.0123860617348007,0.147270938079395,0.0537492436997045,-0.0172767493353325,0.146138716772757,-0.0739925614523607,0.0303612162278361,0.0442583340148626,-0.017499602937603,0.153634204139525,0.0820573815765298,0.0765529852357889,0.10348265875375,-0.0691760192682207,-0.160559273644643,0.0286188231222131,-0.0220897613353582,0.0132343524017843,0.0379119455697191,0.107188894196494,-0.170951438092135,0.0170139144769761,-0.0157611593050832
"plasmenylPC_36_2_P14_0_22_2",-0.0799046394453673,0.024137493150503,0.186351600668176,0.0223618767358267,0.104908891311464,0.0967307231280023,-0.0562897801166232,0.103601178698766,-0.0449108360240498,-0.0348321248772089,-0.0418895823428796,0.0536296764605747,-0.00823708879516029,-0.0245566270282817,0.0242934930534958,0.0532450525864782,-0.0389006173914764,-0.0614271456916278,0.0973315015517227,0.0929182103159064,-0.13014201021519,-0.163900411222199,-0.0359243514695352,0.116275852948592
"SM_39_10_d17_3_22_7",0.126286058953787,0.0265821513853459,-0.0626381960658352,-0.0187320233483148,0.0154740540072511,-0.0461433169233469,0.0658181728982538,0.163436707150302,-0.139186626882173,0.0276030105745185,0.0452486919591443,-0.135067109345181,0.0804156135630721,0.147418928402741,-0.0365850634692322,-0.0391597132553095,-0.144830829956539,-0.29750287064408,-0.11441695250444,0.0698061021236812,-0.169808813012944,0.110215235493497,0.13543671437351,-0.0687733199933303
"SM_39_9_d16_3_23_6",-0.0884144096956794,0.0544468645242354,0.0793820351183668,-0.0391800912970179,-0.0162425999383159,-0.097846058660276,0.147870315509273,0.054453099733767,-0.233790468892486,0.0615447665076915,-0.0372667413650139,-0.0252586466746183,0.073739937718771,0.259900626335432,-0.0306869800342426,-0.0216386642663147,0.146386981392194,0.0530345432622689,0.143790340037997,0.11236526511038,0.183556727446782,0.0384538095001175,-0.065502463600563,0.0766545849896452
"SM_40_4_d16_2_24_2",0.00145757190601919,0.0189822948526779,0.108941604708104,0.0758320927408455,-0.209705125385497,-0.252563040313997,0.0412327647865514,-0.114962469871045,0.042576050980642,-0.0863482083370989,0.0580463898866716,0.155029232719372,-0.0548814289384974,-0.0424777986492185,0.00598360752819488,0.0253223459959709,-0.119444030677549,-0.107165264034257,-0.00418756268415731,-0.0374122155752556,-0.0186287483160634,0.0198697814833104,0.164952341846996,0.000662065512444225
"SM_40_5_d16_1_24_4",-0.0536667218917539,0.0311518465526593,0.129778784170652,0.0941702297961394,-0.112440858339229,-0.155045086050009,0.156275808432495,-0.0595360032039129,0.0344311162766772,-0.0949214398529979,0.122980385438654,-0.0445437141838671,0.225970312038953,-0.0155300884263665,0.0223501609346606,-0.0820853030149752,-0.0567349424479384,0.108478164020496,0.0374396222067112,0.000691100850674053,0.114281215152289,0.0408352006063034,0.126384653252655,0.0412744942700224
"SQDG_34_2_16_0_18_3",-0.064275926718444,0.0510390754922107,0.123330936012239,-0.194279615352067,0.0867963355290396,0.00705216913629405,0.0162985403272308,-0.0203719698182844,-0.0229435845725636,-0.0852962318038714,-0.0810780956039244,-0.03046147903886,0.000471429038701366,0.00469478980101264,-0.045298457095286,0.0650108665710086,-0.0518336767574838,-0.0122037157021191,-0.0158246695810697,0.0193742880393921,0.0406719539192681,0.056551418572288,0.025504190537591,0.0211038925700039
"SQDG_34_3_16_1_18_3",-0.02486003941595,0.0517323325021789,0.185295181105146,0.0747540980170391,-0.0270410705012833,-0.0274881084574353,0.112761305274881,0.00590960335410078,0.0422587179006471,-0.0999361083252029,-0.117262579900319,-0.11445776958431,-0.150308695003669,-0.00683694751129221,-0.0118404666819765,0.0137274501621089,0.0330555364305082,-0.0210565462303582,0.225477338865686,-0.209350908909839,0.0623255331643901,0.0261710318218707,-0.0633076769409937,0.0824600090415676
"SQDG_36_2_18_0_18_3",0.00774607267679168,0.105185580165666,0.111057326508204,0.00454176762327601,-0.150486775103543,-0.062703888170304,-0.0165179217289801,0.0396079630695529,0.065181541105807,0.086797861265019,0.23797671826879,0.0997897287032637,0.066249345378472,0.108409177928191,-0.141565588155939,0.106743572851892,0.127174267415937,0.0741384085540667,-0.203218744017916,-0.0947949121468201,0.0453738471254764,-0.0592993804832755,-0.168523430687089,0.138707264025753
"SQDG_36_4_18_2_18_3",0.00496998244697144,0.113439707285784,0.10456721145731,0.105495132966345,0.0102331933602999,-0.0536413123277694,0.0966852394471722,-0.0756408092839495,0.0775170105059227,-0.042506388209316,0.0685890294430476,0.147942485620189,-0.0634888616058396,0.0518183395810973,-0.185912018292402,0.0833127387642035,-0.127093727569733,0.0604047651983262,-0.101994673925452,0.315252313070228,0.0965830160958313,0.0732189081290333,0.00525212293257293,0.0652546302309081
"SQDG_38_5_18_3_20_3",0.0854424211106498,0.104124575661394,0.0495952892649319,-0.151661067994498,0.104350240762928,-0.0341198884531801,-0.0052291258863931,0.0289866924499369,0.087525975327879,0.0348428785085916,-0.0538577664662756,0.105915411579591,0.0656267341280102,0.0347076282084713,-0.0848722766595196,0.0429161845567117,0.0281162222220932,0.0403971606084586,-0.0361370276102838,-0.0959928493675912,0.0464339214521637,-0.0332728449376651,0.0459239843555958,-0.0360812597927656
"SQDG_42_1_16_0_16_0",-0.114959499494276,-0.0299820770545233,0.125718084705996,0.0366366522894002,-0.121288046964933,0.035546708463027,-0.0410975577833143,-0.125779011399623,0.122217633500721,-0.0382654975171438,0.0890324574789875,0.00692332195303927,-0.0108709313562579,0.001938008795795,-0.0464658534638755,-0.152034715991307,0.194560087948043,0.0099891804798437,-0.0219761553293796,-0.0529141117694558,-0.0897251190245926,0.00563864206662734,-0.0731844734217203,0.0783405583023862
"SQDG_45_1_18_2_18_2",-0.0704482044858612,0.128523297034845,0.10245794084821,0.10822812234643,-0.0308499169852705,-0.0179456331536426,0.0632073982157684,-0.051013847797019,-0.0428489277528186,-0.0456140498509647,0.0831766305372889,0.0167326865106388,0.00864598306208198,0.031372135423503,-0.0332943790829752,-0.00167300681082243,-0.063022067532765,-0.0755872138185581,0.0314727068976563,0.0510938960513663,0.0336439975353779,0.0397621819084804,-0.0752655811198014,-0.0934667528894217
"TG_49_2",-0.0404523697820864,0.0462621569014411,0.107525660543228,-0.0903182218574887,0.0363848596133233,0.102907891267767,-0.0302257776666612,0.115943252141768,-0.0901897416022508,0.035079470366659,0.162199808952453,-0.194024140064945,-0.337440339211254,-0.0575214179470332,-0.0134603554161115,0.091463867935166,0.170544476634327,-0.154071903853866,-0.0444063693462022,0.0421120185337507,0.0442906095953043,-0.023591868254376,0.1895719961821,-0.0415330062234
"TG_50_2",0.0471944455349848,0.029816574836223,0.0390355714797796,-0.138862791525079,0.0389098930129261,-0.151041493901901,-0.18545470419776,-0.043300147523979,-0.0549643273869692,-0.138086965625477,0.109036639136762,0.117134589401632,-0.00608355480899823,-0.186950158169054,-0.0647547372751115,-0.281833232400764,0.0197309028914435,-0.308377070745552,0.00968790258678162,-0.0148440212803231,0.147044603256311,0.0526220873327891,0.0917553856700199,0.0318107019359129
"TG_50_3",0.105011290294643,0.0340068747119094,-0.0537242289621822,-0.097311307246244,-0.122019305363971,0.11230455565689,0.017687816662934,0.00108882680005335,-0.0358579251897955,-0.0351323817604318,-0.0650783155277633,-0.245590990908991,-0.087101047869797,0.0433786477962635,-0.1182282764769,-0.284386650124541,0.00627595670764844,0.129121642394229,0.171740273201294,0.126113177253014,0.00759473809038582,-0.0591731189399656,-0.0844730101658316,0.0145318636186251
"TG_50_4",-0.096641375697592,0.105472801599285,-0.127725495249115,-0.0153648418570187,-0.00314439594426519,-0.0227036342170859,-0.0853731471219771,0.0777006907488452,-0.0184096877017549,0.00380654498543078,-0.0544663045097011,0.0205680762757002,0.140779004839467,-0.000720603069789246,0.0919690227630199,-0.0705201560685832,-0.011954037632702,-0.119125350213419,-0.00106807620640011,0.123534557302395,-0.017569949180716,0.0541031637485996,-0.0469220549853611,0.0358723633939044
"TG_50_5",-0.119867486440647,0.0951049495553995,-0.118689884482673,-0.0173558303243737,0.017273004126509,0.0216844642506387,0.00342269164540275,0.104123965677796,-0.0117021975117546,0.001685629636301,-0.0477884135196943,-0.00882908671910178,0.0932590875295784,0.0259285411761571,0.0361598298682113,-0.00223742650585698,0.00537565083566969,-0.0044232921600453,-0.0146349695984255,0.165512244327406,-0.0267489040377877,0.0606190608122099,-0.045601159787329,0.0802964438495196
"TG_52_3",-0.0218387628169431,0.103060420779697,0.0300340286596273,-0.0137304308597057,-0.162596352203389,0.0453867844289805,-0.283370342668775,0.0268363422704513,-0.0537686395648246,0.0831173222178351,-0.198252380421434,0.110001665056622,-0.0500438695913016,-0.00687497095346788,-0.0136304810626559,-0.0590789124076083,-0.0375963673270114,0.00747199745380702,-0.0581141384193761,0.00446237836684019,-0.173120760024605,0.0167301752901406,0.00916678676899644,-0.000775876462587707
"TG_52_4",-0.0738157584582313,0.130791658413065,-0.11644386791784,-0.0217323636904601,-0.00670059497756174,0.0497775088894058,-0.110133442465091,0.013305003603043,0.0354760127653256,-0.0328198521988307,-0.117743856533082,-0.0246969320204227,0.0762266946263139,-0.0360738796536864,0.053942630740439,0.0033473782451006,0.0238855925293729,0.0397191426821359,-0.0389182246802912,0.0532177207090386,0.0891501388040662,-0.0435447155116463,0.0928038033428763,-0.0449980411724671
"TG_52_5",-0.00128650588180447,0.14445329395354,-0.107620897316752,0.0321830006507928,-0.0984552429363974,0.122091553927257,-0.0675576427687084,-0.0135621034103197,-0.000871594187827014,-0.0447935358117815,-0.104295629385559,-0.0548397306277971,0.0722232530584175,-0.0552586657513874,0.0163382531595443,0.0232624713357636,0.0456905198082625,0.046977305332305,-0.0522327124062265,-0.0727199936455504,0.0978048846015117,-0.151077875961846,0.0189834763122302,-0.00709484175969893
"TG_52_6",0.0561403959752549,0.0826988295178055,-0.021951032337245,-0.0412517774436732,-0.143847966717153,0.174632818409443,0.0513247973692826,0.0150702065996695,-0.237091398874035,-0.0889937787236456,-0.0885150904935788,-0.109598185753842,0.09424101181774,-0.118750798298958,-0.130350141470077,0.0779686395837423,-0.0125811323893492,0.21234872411704,-0.0953977695137751,-0.0911392944082745,0.115530230945512,0.0308705270179929,0.231008034273297,-0.0334015348148776
"TG_53_4",-0.0783615650735933,0.125501467878506,-0.114281927853225,0.00212390988680762,-0.0515651761840126,0.0683400675683232,-0.0345122933253231,0.0183603318939912,0.0565307681102148,0.0129120337105252,-0.0136598539344086,-0.0518485553047226,-0.143476701863694,-0.105185086259535,0.0229594697328146,0.0638959897750645,0.0478243268941714,-0.0763279538608772,-0.042783252681976,0.210007634666603,0.110781022185993,0.0107705129939643,0.0835745331347901,0.0923714648090787
"TG_53_5",-0.0316042123191302,0.155640455018256,-0.0856741954919776,0.0467784384176343,-0.0795910079343078,-0.0336750548354166,-0.115677078345719,0.0374316193116673,0.0183117403592267,0.00935459245243127,-0.047337262546414,0.0800124991733713,0.0110174187753549,-0.0413300000942124,0.00620130634339613,0.104903561484964,-0.0230864875990962,-0.0819695022994651,-0.0883166659864415,0.0134197783460839,-0.0298030463135491,0.00606297943788213,-0.0884453468006654,0.100711456832817
"TG_54_1",0.0197231060136692,0.0152850908798082,0.145169941842701,-0.0249293546158074,-0.0262907634667057,-0.199589296375238,-0.146328114600973,0.00980977346634872,-0.170085798798946,-0.0838738674316496,0.0581727965880806,0.142016601758292,0.177285464537534,-0.0846834363183866,0.0783320655617931,-0.0929081068203304,0.0725249915716768,0.116825608949547,0.24660467987083,-0.0608105293868733,0.0609373807007465,0.104937842796004,-0.0143053592406706,0.0497382344971624
"TG_54_2",-0.102967698279589,0.0219216498233622,0.148906918153501,-0.0330484921177505,-0.0618757907241951,0.0568385765568811,0.0291097094860272,0.0547245836148947,-0.0172942442045505,0.0568280465582462,-0.0531954391266951,0.0611944790489581,0.221751759400575,0.0174739332472356,0.130962881212428,-0.120672302541091,-0.215058599573782,0.109594063209697,0.00689205230363592,-0.0101941721536694,0.123860263920509,-0.181563737922351,-0.0921188615494357,0.0055652811035182
"TG_54_4",-0.0840436831545978,0.132749126132177,-0.0751494965289828,0.0905530497168897,-0.0958539839575542,0.045949664782575,-0.0592519830107012,0.0350643081604725,-0.0121491388167346,0.0327991680770025,-0.057889340514876,0.00938700896359604,-0.0126110199836946,-0.00702487686850412,0.102809089411219,-0.0321248491452162,0.00583175951828158,-0.00142988660680046,0.0532672324417582,-0.0605185677668684,0.0240142600611552,-0.0180996629056115,-0.00382383775717017,0.0163755968530743
"TG_54_5",-0.113393266280726,0.0970801158899395,-0.112843509918313,-0.0551211026631049,-0.0141028341719048,0.0135873386445575,-0.0987644173645008,0.0553024890287369,0.0402871172846148,-0.0140517353418532,-0.0707896619060919,0.0140816302256056,0.0337358972736619,0.0247870343546568,0.108577091391762,0.0360018166806746,-0.0684854886793345,-0.00519193737147968,0.0843971077038087,0.0644998233701373,0.0275530475342633,0.0698233360916565,0.0934355378852651,-0.0611504627448914
"TG_54_8",-0.0693276877591455,0.125209113479289,-0.0645956388639968,0.123274419775667,-0.108384581929531,-0.0390926757300133,-0.0324813943300369,-0.0298893475364465,0.00195023838220553,-0.11937632186479,-0.0210817754911972,0.0478510202291216,-0.0302264683033496,0.0520526000974116,0.124632874668603,-0.0208038489403977,0.0685451709972368,-0.0367541283214959,-0.065718458101041,-0.0877332274715265,0.024975430615133,-0.0447381782184221,-0.050360588052488,-0.0110070408370833
"TG_56_2",0.000946296735769862,0.0553133333807474,0.00929795381221432,-0.172686876222456,-0.103655374322454,-0.0370369513916023,-0.301483248259704,-0.0616191412123171,-0.0665942813585601,-0.0120366547110929,0.0764598636297511,-0.0337332181982819,-0.0200147432691914,-0.0773336611835426,-0.0985381265211912,0.0048899299298727,0.136667659094852,0.0492035208623346,0.0760247525704747,0.0568096813376667,-0.00532593329788745,0.115374212363823,0.0819562885678844,0.0120376543420688
"TG_58_14_19_5_19_5_20_4",-0.0701065916280566,0.000436934398649047,0.0405533671491905,-0.0631789877442049,0.0565851606063305,-0.13951457887848,0.0580274010724406,0.112202625549792,-0.116087632671388,-0.375826694356907,-0.075815891009191,0.0311835380319045,-0.168928822747008,0.0508369815956631,0.0968000790757399,-0.103711012956295,-0.0582783573960236,0.0965530473909272,-0.133508546556268,-0.0125134107740932,0.0272249958226826,-0.0120369417006391,-0.0461144164652841,0.0686254381486505
"TG_54_4_1",-0.0840436831545978,0.132749126132177,-0.0751494965289828,0.0905530497168897,-0.0958539839575542,0.045949664782575,-0.0592519830107012,0.0350643081604725,-0.0121491388167346,0.0327991680770025,-0.057889340514876,0.00938700896359604,-0.0126110199836946,-0.00702487686850412,0.102809089411219,-0.0321248491452162,0.00583175951828158,-0.00142988660680046,0.0532672324417582,-0.0605185677668684,0.0240142600611552,-0.0180996629056115,-0.00382383775717017,0.0163755968530743
"TG_54_4_2",-0.0852916386263479,0.134550455726579,-0.0485861783363964,0.0663847676646402,-0.115428200563472,0.00680045233103056,-0.1034166106417,0.0400763917803548,-0.0672633076956766,0.00538461435897492,-0.0273336493140745,0.0308788345916885,-0.0387834737825839,-0.0441423219186437,0.120595188166837,0.00511668019216073,0.0907817440189801,-0.0838869745670966,0.0331612905082406,0.0483651233853084,-0.0710161527894221,0.0941328661410955,-0.0171118307077229,0.0260127719310199
"TG_54_5_1",-0.113393266280726,0.0970801158899395,-0.112843509918313,-0.0551211026631049,-0.0141028341719048,0.0135873386445575,-0.0987644173645008,0.0553024890287369,0.0402871172846148,-0.0140517353418532,-0.0707896619060919,0.0140816302256056,0.0337358972736619,0.0247870343546568,0.108577091391762,0.0360018166806746,-0.0684854886793345,-0.00519193737147968,0.0843971077038087,0.0644998233701373,0.0275530475342633,0.0698233360916565,0.0934355378852651,-0.0611504627448914
"TG_54_8_1",-0.0693276877591455,0.125209113479289,-0.0645956388639968,0.123274419775667,-0.108384581929531,-0.0390926757300133,-0.0324813943300369,-0.0298893475364465,0.00195023838220553,-0.11937632186479,-0.0210817754911972,0.0478510202291216,-0.0302264683033496,0.0520526000974116,0.124632874668603,-0.0208038489403977,0.0685451709972368,-0.0367541283214959,-0.065718458101041,-0.0877332274715265,0.024975430615133,-0.0447381782184221,-0.050360588052488,-0.0110070408370833
"TG_56_2_1",0.000946296735769862,0.0553133333807474,0.00929795381221432,-0.172686876222456,-0.103655374322454,-0.0370369513916023,-0.301483248259704,-0.0616191412123171,-0.0665942813585601,-0.0120366547110929,0.0764598636297511,-0.0337332181982819,-0.0200147432691914,-0.0773336611835426,-0.0985381265211912,0.0048899299298727,0.136667659094852,0.0492035208623346,0.0760247525704747,0.0568096813376667,-0.00532593329788745,0.115374212363823,0.0819562885678844,0.0120376543420688
"TG_58_14_19_5_19_5_20_4_1",-0.0701065916280566,0.000436934398649047,0.0405533671491905,-0.0631789877442049,0.0565851606063305,-0.13951457887848,0.0580274010724406,0.112202625549792,-0.116087632671388,-0.375826694356907,-0.075815891009191,0.0311835380319045,-0.168928822747008,0.0508369815956631,0.0968000790757399,-0.103711012956295,-0.0582783573960236,0.0965530473909272,-0.133508546556268,-0.0125134107740932,0.0272249958226826,-0.0120369417006391,-0.0461144164652841,0.0686254381486505
"LPCs",-0.161012104515675,0.052628879148939,-0.0486411234183517,0.0494336601299623,0.0275180279915381,0.0170195382734116,0.0718359385133187,-0.0341086135528649,0.016404466794312,0.0716912953231164,0.0170099407827442,-0.0211750263568686,-0.0781033666927724,0.001775015146036,-0.101073122665091,0.0122078483356494,0.00512990828280964,0.0244009128400898,0.0545831955857045,-0.111885245461502,-0.062551287637198,0.0492507581401345,-0.00621988701225116,-0.000625020327656995
"PCs",0.100489188116627,-0.145796021601958,-0.0612946011750506,0.0057095043573085,-0.0265813441063372,-0.0595702767316648,-0.0211468930141964,0.0470005626464463,-0.0560121964044207,-0.00683269364476378,-0.0018113026951935,0.000853016237365874,0.00834521005588609,0.0116031885423248,0.0420623785834678,-0.00256600220021294,-0.0158968916056944,-0.019709855361393,-0.0130448069037964,0.0773131910010096,0.0486594023128841,-0.0190788089085929,0.046725898043848,-0.113147630962027
"PEs",0.117609723145793,-0.0485077609998925,0.0693709287614175,0.00615898952776171,-0.0761503812754485,0.170402619570815,0.0682847824034449,0.113244964960488,0.189704542413507,-0.0670953936725986,-0.000270095427289973,0.0850877880352814,0.0195764353927974,-0.0460561238338954,0.154986256818529,-0.0265427405116367,-0.000504667338678169,0.00791102970512297,0.0499396074336863,0.0299969065484887,0.00375711684860446,0.101284536313071,0.0524076205510287,-0.154289736153876
"PGs",0.10628024043474,0.115315108659277,0.0044145898524834,0.0820400935663529,0.0785717705879442,0.110478452368654,0.0238046665730062,-0.0222132916263918,-0.137580056567284,0.0282739946812597,0.0673951726744472,0.0589748444493813,-0.000594291126719381,-0.0838992069343782,0.0563805608291513,0.00166822678693958,0.0320422280143038,0.0751767750010353,-0.0362287001535638,-0.0617119135874228,0.0379997394236891,-0.0545963753228567,-0.0989124352364307,-0.153207010760344
"SQDGs",-0.090528928479511,0.0618847882001428,0.172205170232399,-0.0755442217824804,-0.00181335450226979,0.000594012472318524,0.0217599292157838,-0.0875988260151104,0.0619950259244562,-0.0803091733740248,0.0194091846907151,0.0305537326236104,-0.0190547067803625,0.0250255293048313,-0.109832420447023,0.00555809412779229,0.019138225907273,0.0148793473842777,-0.0565062691469101,0.0736784573448194,0.0186741609647921,0.0574215714275878,-0.0246128449198343,-0.182390447494071
"TGs",-0.0538192352535098,0.147395580262002,-0.100089005765548,0.0399885846149401,-0.0892608542119177,0.0270454006816619,-0.0831036608327469,-0.00734845430990574,0.00103273474195859,-0.0876644636441841,-0.0715314243667632,-0.00604970685717797,0.0211666644747636,-0.00971347065390788,0.0742988067459529,-0.039728060780991,0.0456171921300002,-0.00665814626319659,-0.0316880819350143,-0.032833268383037,0.0726485413967724,-0.0635044836314261,0.0130438400826451,-0.0862529601410826
"DGs",0.0375247041223922,0.135950264393996,0.133771340212557,-0.010853671032909,0.0589726928643998,-0.0147833632659631,-0.0185183295139998,-0.0490452789562806,0.101941194707224,-0.000788397902496871,-0.062576226063115,-0.152467996659684,0.029746452198901,0.0588629507728621,0.0290485262030726,0.0383079616394881,0.0420993332752735,-0.0179212296618298,0.00716045157960455,-0.000145270080326455,0.0925703239160078,-0.0209506010135318,0.0660938657660912,0.225760501025967
"MGDGs",0.0926733633693209,0.0957585222282153,0.0255674404451762,-0.152688542911116,0.0684218303996611,-0.0126991775586101,-0.0602900171455661,-0.0342320785138849,0.126364168730092,0.0661128865520206,0.113107938241528,-0.0731435520249645,0.0773024192251185,0.0506244428997374,0.061480149539596,0.0239917113412358,0.0128971761309863,0.0832461126018548,-0.0765350220990113,-0.0507469610456767,0.0375341964485543,-9.33772373560105e-06,-0.0866621412915663,-0.0702838118391916
"PCLPC",0.15669857736113,-0.0393510139866479,-0.0256303581777654,-0.036770179143997,-0.0709078306892608,0.059444978678827,0.029524877967935,0.0422170699494004,-0.121396770476187,-0.0380012716642987,-0.0185871881006421,0.00430421403475195,0.131611897994086,0.0655837934842724,0.0616759212272448,0.112805546095408,0.102239190856273,-0.129130925639972,0.0407991050125804,-0.00356660263933772,0.0162121204639576,-0.088465407226013,-0.0492250793441404,0.048361479626701
"PELPC",0.152331280127233,-0.00748122412678563,0.0126091709159796,-0.0440179740605008,-0.0918320731677768,0.150112950644328,0.0869091885038396,0.0887869104362709,-0.0142596927936167,-0.0516893324811704,-0.0265387360583505,-0.00910591894235286,0.0839295787558652,0.0145431057755133,0.0997892533946079,0.0392642567674725,0.123372948010088,-0.125719930406907,0.0440762688409232,-0.0137767807517846,-0.0158466837181838,-0.0838871891879451,-0.049539340729672,0.035245831445837
"PEPC",0.0714435833940538,0.0412754970181899,0.125930795679178,0.00470799196940051,-0.0543649747035479,0.182492756259124,0.0671572255749159,0.101225039713147,0.246220030653406,-0.0685281073500645,-0.00280590236877701,0.0856002993262618,0.0341587933949781,-0.0593531751935994,0.114991336796666,-0.0137166142402768,-0.0428902711492222,0.0863385983569362,0.0404962776245724,0.0977352438194139,-0.0216780533717072,0.169202769651043,0.0688132386703674,0.0514369346608337
