ID,FIELD,GENOTYPE,TG_50:3,TG_52:4,TG_52:5 ,acylcarnitine_15:3,LPC_18:3 ,LPC_18:2,LPC_16:0,LPC_18:1,LPC_18:0,PC_16:0_9:0_CHO ,BMP_37:7__15:1_22:6,PG_34:5__16:1_18:4,SM_39:10__d17:3_22:7,CSH_posESI_027,MGDG_36:6__18:3_18:3,PG_36:7__18:3_18:4,DGDG_35:6__17:2_18:4,SQDG_38:5__18:3_20:3,SQDG_36:4__18:2_18:3,SQDG_34:3__16:1_18:3,DGDG_34:5__16:2_18:3,PE_36:6__18:3_18:3,MGDG_34:6__16:3_18:3,SM_39:9__d16:3_23:6,PC_36:6__18:3_18:3,MGDG_36:6__18:3_18:3,SQDG_34:2__16:0_18:3,PG_34:4__16:0_18:4,DGDG_35:5__17:2_18:3,SQDG_45:1__18:2_18:2,MGDG_36:7__18:3_18:4,MGDG_36:6__18:3_18:3,DGDG_34:4__16:1_18:3,PC_36:5_A ,DGDG_33:3__15:0_18:3,PE_36:5__18:2_18:3,DGDG_38:6__18:3_20:3,PC_34:4,DGDG_34:4__16:1_18:3,SQDG_36:2__18:0_18:3,PC_32:2,GlcCerNS_34:3__d18:2_16:1,PG_34:2__16:0_18:2,MGDG_34:4__16:1_18:3,PC_34:3,PC_36:6__18:2_18:4,SQDG_42:1__16:0_16:0,PC_36:4_A,DGDG_36:4__18:1_18:3,PG_32:1__16:0_16:1,MGDG_36:6__18:2_18:4,PC_33:2,DGDG_38:5__20:1_18:4,MGDG_38:6__18:3_20:3,MGDG_34:4__16:1_18:3,CSH_posESI_288,PC_36:4_B ,PC_32:1,DGDG_35:3__17:0_18:3,PC_38:5_A ,PG_32:0__16:0_16:0,CSH_posESI_296,DGDG_32:1__16:0_16:1,DG_36:6__18:3_18:3,DGDG_34:2__16:0_18:2,MGDG_34:3__16:0_18:3,GlcCerNS_36:3__d18:2_18:1,PC_36:3_A ,PE_34:2,PC_38:4__18:2_20:2,CSH_posESI_041,PC_36:3_B ,MGDG_38:5__20:2_18:3,PE_32:0__16:0_16:0,PC_35:2,MGDG_36:6__18:3_18:3,MGDG_35:3__17:0_18:3,SM_40:5__d16:1_24:4,PE_36:3__18:0_18:3,CSH_posESI_004,DGDG_32:0__16:0_16:0,plasmenylPC_35:2__P14:0_21:2,DG_36:5__18:2_18:3,DGDG_34:1__16:0_18:1,SM_40:4__d16:2_24:2,MGDG_34:2__16:0_18:2,PC_34:1,MGDG_36:3__18:1_18:2,DG_34:4__16:1_18:3,DGDG_36:2__18:0_18:2,PC_36:2 ,MGDG_36:3__18:0_18:3,PC_38:3 ,plasmenylPC_36:2_P14:0_22:2,DG_36:4,PC_35:1,CerNS_38:3__d18:2_20:1,GlcCerNS_38:3__d18:2_20:1,DG_36:4__18:2_18:2,MGDG_34:1__16:0_18:1,DG_34:3__16:0_18:3,PC_34:0 ,PC_36:1,PC_38:2,CSH_posESI_022,TG_58:14__19:5_19:5_20:4,TG_54:8,TG_50:5,TG_52:6,TG_50:4 ,TG_53:5 ,TG_49:2 ,TG_53:4 ,TG_54:5,TG_50:2,TG_52:3 ,TG_54:4 ,TG_54:4 ,TG_54:2,TG_56:2 ,TG_54:1 
1,METEPEC,B73,107997,696897,1027598,343759,660183,2571915,50263,179325,11244,23367,26355,22095,18727,283972,22126,3563,27549,3588,777639,14468,4767,26667,26168,24915,963969,1152892,2217899,1102580,5826,121854,37165,25138,20299,3138784,14876,121316,89979,55360,38725,116712,30838,47109,458476,65110,2703353,53494,1090664,2750848,148472,228364,53282,93197,15996,60957,40251,21563,15157,26718,72113,16865,171766,24545,8480,218290,398342,957053,140968,602093,541137,74195,85111,537227,26451,54370,111084,1008264,34298,24810,11641,22157,247745,15899,235492,82366,11140,185865,812859,41072,16770,110985,711518,97146,47949,543353,13867,11897,30422,231062,118933,19284,139137,9762,33210,19653,21025,23069,1189733,22488,23147,12872,13485,8362,10968,178987,352090,12336,124841,13067,2794,9754,21553
2,METEPEC,B73,98949,631504,909939,443370,629693,1610495,83848,148260,17386,23863,26528,21686,28127,298388,25143,5236,29142,12212,928908,18889,7932,31172,29819,26183,878668,1329162,2707384,1114090,10182,140713,39878,19307,29140,2990812,14669,122053,96343,60402,41083,186365,35812,61073,465812,73617,2519341,46737,1139248,2569467,173400,230048,50425,109894,15114,53594,51715,22706,7600,27897,93297,13992,180294,39090,10327,152823,467756,948970,227637,572872,540983,73828,94084,545085,33295,140202,120614,1015884,50092,30819,17740,21888,234129,24306,175054,83637,8127,185568,818515,42052,21670,117525,721624,119748,48676,697904,12184,13280,37364,299385,101326,18872,126213,10035,36615,21180,15282,22973,1066633,21034,11596,12887,12558,7712,9961,159870,349512,11392,114678,11740,2795,8206,20403
3,METEPEC,B73,84250,537775,780326,223201,982274,2852359,86848,143333,12700,17825,21358,17715,25697,329835,13878,10693,28835,17869,465183,14491,9699,23168,37505,24320,853042,1036173,2866234,1201978,10230,138668,53949,25888,47051,3119408,10274,123350,137572,62690,42123,215120,34735,52293,448411,78966,2551854,41722,1358316,2597937,225644,231134,61089,81882,20365,82192,55000,22181,16576,24490,78311,20724,173725,30064,9115,138257,630097,1109747,140412,511635,507723,68752,80640,498922,34444,144205,96650,814586,39781,26483,19152,9932,306037,17056,202329,75205,18816,187607,663566,42304,19455,105193,598323,142365,40097,606263,8770,11730,31470,256409,94100,17366,108553,9504,28328,15570,11943,19430,941521,19635,10439,11848,10177,6948,8742,140256,278732,9796,98790,9887,2220,7809,17010
4,METEPEC,B73,80258,665228,914281,211994,945018,2783955,55526,127992,10894,17209,24250,16608,24830,298808,19986,11141,27202,13180,897155,17761,8884,19030,31787,20560,803198,464985,2712145,1070243,12705,130370,42881,20500,39808,3068852,11998,92157,110025,45565,34065,188371,35670,55915,372066,53374,2374786,43129,1504714,2907917,272572,219065,64089,45383,20052,80220,45140,20672,19115,22912,81881,15603,143218,21542,6542,169857,921228,1284819,164366,546364,412633,68766,60666,454028,30613,5914,96481,728618,43427,39858,10033,5789,278753,21092,294251,83814,21801,218809,593424,42869,16960,117342,554926,128444,35411,611339,16243,9275,32653,280776,128163,12483,119441,9807,30878,20399,19714,20344,1282372,26059,15885,13857,9275,6733,10364,181154,250577,3915,102914,9347,1994,5743,12829
5,METEPEC,B73,78811,624070,929579,268282,1249742,4191933,110211,268187,13207,26562,23402,22759,29379,325872,19269,12982,25776,14265,615634,16793,8460,1575,25280,21257,578673,1035072,2664902,1293602,12643,107953,27780,21600,23577,2494230,12513,44489,99689,47623,42367,186830,34838,65165,348150,55754,2159031,46125,1221163,2656683,215398,221059,47456,65664,12192,63113,29721,9579,18034,16960,58034,14139,148623,30514,6923,223686,835572,1272222,122797,542129,262449,68047,61110,429371,27335,59566,100707,910131,41199,24198,7500,9840,254314,18188,306141,90137,6344,195964,602631,36199,19562,125667,563691,113708,33221,697155,14941,11605,33392,303070,114159,17038,123413,8434,29445,18847,21872,12104,836169,29980,20660,10602,8549,7252,8326,168480,46544,5123,106859,7367,2132,2795,3035
6,METEPEC,B73,22815,298796,420988,142697,541412,1665912,106766,67655,10048,20510,29966,16323,27402,331687,23082,14097,33854,20935,1326140,17341,12489,18583,50164,25082,724378,1099748,3598864,1172437,18658,154473,66778,30776,53071,3365000,12125,111600,174658,56338,80721,244691,36255,53410,397445,72756,2380806,49462,1730224,2668187,350917,210544,77696,108305,28034,136914,103212,26478,27824,22434,108280,25777,161435,15482,12483,174068,1109733,1655174,139005,443967,361177,49895,67710,438176,43576,64173,64071,815143,58318,35481,11774,20864,370547,14796,192113,88733,21958,317471,474718,58943,12431,151162,480670,219725,22627,614715,9018,5229,29754,250115,70176,21228,63596,8942,23705,15607,13578,14986,678639,8647,9303,4335,3074,3257,2508,97903,166351,6207,60686,6589,2261,3390,13740
7,METEPEC,B73,54995,402665,589071,201146,926567,2895256,75937,138510,13713,28635,24870,12333,33820,308222,17545,12985,35849,15687,1048331,17656,12910,17399,53042,17294,714552,1408004,2769758,1111089,14562,127661,53553,17343,54873,3138801,15105,116528,143974,48456,44982,210518,34946,61500,332954,52014,2189810,32027,1669258,2575401,292796,212787,80192,67325,20099,103737,74983,22803,16460,23641,100563,20693,135248,20300,9448,185885,788650,1467260,151334,530536,458595,62719,53712,404848,32243,25834,85273,621918,51363,35814,11879,11716,339497,18411,302117,82379,23742,239114,562038,56768,19463,106370,505330,157983,31274,701127,12482,8504,32580,303727,105004,16898,95822,8203,25822,16971,24495,14695,835956,15990,8217,7593,8162,5666,6321,109538,207905,4491,64788,7017,1672,5536,12259
8,METEPEC,B73,28366,442505,677509,584683,858136,2166791,125634,162581,16550,41570,26234,18785,34758,345035,19159,6183,30088,11527,806136,16871,7994,12722,29314,19278,820150,1170247,2514717,1105740,11119,126569,31416,24789,26841,3194154,18612,109560,93961,54059,41912,166919,34736,65639,417840,54790,2719857,49022,1315195,3159454,212573,212662,50929,80311,16104,52331,41071,21621,17580,22799,76520,17033,166637,23962,8136,161474,768426,1000994,210813,597573,489196,71530,85001,487304,23078,57135,117211,535017,42893,29058,12693,15706,261962,25946,229763,74534,18516,196542,693550,39794,17263,116732,618629,117211,35641,829461,11043,16169,40056,352877,99761,17214,106920,9068,31401,21816,18420,22135,1068551,18924,15784,7385,7065,6685,4291,154310,203891,4999,89789,6064,2414,1353,13743
9,METEPEC,B73,27418,450992,643704,338234,870781,3125286,106815,187169,12451,18289,22688,15992,31023,288616,18602,12536,28747,14033,859783,14183,8603,11955,35137,19771,811280,988966,2484703,1198193,12529,126996,35625,22662,30079,3327185,10975,95448,111995,56060,46243,194174,41922,57053,397678,53802,2589306,43378,1276627,3162610,227138,224930,55141,69420,18316,61526,44372,18101,11502,26371,70112,16083,162713,36965,6729,104675,651778,1038409,146229,609226,413631,70597,59131,485566,29933,47462,97400,621646,37979,25120,10088,13597,251147,18230,226690,72273,16415,178034,650850,43301,19088,118950,678499,132422,33020,667700,10131,13324,31710,286037,101435,14687,90209,9817,32899,23364,15829,22543,1082801,23621,7976,12252,5713,5405,4013,162562,177037,6197,90514,6197,2047,1796,11971
10,METEPEC,B73,35863,621185,854862,243689,980555,2457444,131116,155285,13126,22443,28288,14630,16317,432243,23635,15041,35136,15775,582929,13847,4851,16919,34099,23591,874604,1264790,2366592,1012999,11082,123950,37616,31880,34167,3167676,20646,139174,122519,50974,50573,190812,38486,77155,448279,64003,2182224,47443,1323835,3163673,262638,161556,58989,92844,17604,53634,51217,19025,13193,26381,78594,18008,176798,46823,8176,104275,757033,848846,240637,633938,618645,71755,86628,435100,25952,54649,98402,855196,47486,25504,18045,9262,287205,31158,268928,84525,19382,214572,632863,23015,15719,135401,526645,74169,34732,949199,12969,10623,44057,395711,80706,12771,79814,8982,29205,17950,11510,17363,988138,28636,19196,15147,7116,7044,4084,147035,171740,6831,93308,5662,2619,2541,19479
11,METEPEC,B73,34472,528159,754240,214467,948878,3100475,104326,166463,14390,17253,25363,14636,26483,280462,20491,13421,26873,14104,974719,13274,9033,15797,31041,21094,773373,956883,2668331,1138730,12142,121946,37968,25368,24046,3173480,20114,105853,100692,49752,50384,198182,30978,55607,391710,52466,2320151,38699,1372266,2788858,214028,203444,56808,80906,19040,69233,42747,22178,15421,16122,94989,17238,146747,34406,6048,190932,705964,1219463,183744,545089,441802,65197,69990,418965,29676,42217,99358,810472,44189,24439,11520,8533,265481,20111,290425,65122,16840,150146,582682,34864,19422,99434,537287,123725,31103,732173,18786,12674,37359,318513,146146,13538,111392,7043,26457,19270,18637,22110,1127532,22056,20022,10865,10526,5535,5089,160088,169220,5222,93833,6154,1961,2274,12138
12,METEPEC,B73,63943,707204,928675,142215,1355949,2649372,80297,140594,12756,16302,13950,14708,24055,244970,14634,14716,25773,12366,799677,11697,9331,16264,40050,15150,917195,674588,2136085,1172277,9918,85655,42229,15754,30809,4553687,10649,133514,104072,56575,49126,144079,60893,49529,279187,42157,1827517,16317,1071817,3606647,199785,215093,20705,67888,14034,74053,64390,16191,20941,34344,87331,15510,111669,18198,6463,115869,522689,986858,112126,795576,467224,95340,27837,492854,22097,39788,107112,494162,39300,16300,11114,11179,231910,13220,213774,67109,12592,184248,699727,16776,13866,88610,750544,106954,37162,548868,14242,8538,24862,232632,121886,11902,98366,6595,29210,30233,21175,27180,1365273,36574,14682,14393,10523,3988,10827,206807,112443,5276,104902,9156,1375,2260,2842
13,METEPEC,B73,80092,523465,754304,231043,610879,1924777,75680,121205,12340,23488,24746,13155,34549,283260,20053,10937,33685,17502,1025594,14583,12635,17742,45766,20191,783645,1017143,2996671,1138794,16665,140037,51983,12980,58766,2977663,17393,89280,145524,54034,45919,266505,33091,63734,342802,69225,2400410,36163,1577884,2407813,344611,220068,86453,65124,23749,114274,69082,22640,16075,22182,98733,22938,138812,20632,6236,156039,1144181,1746543,152822,481049,379349,66868,49101,487475,36901,4257,93511,686815,60672,27408,10835,19008,315382,19308,245158,104413,18636,324530,604811,64056,21384,165028,580188,201300,35319,756151,9855,9296,33795,319388,89138,22244,99757,7817,29495,13147,19116,17189,954393,15268,16054,8933,8387,5742,8183,142913,234172,9275,92841,9630,1859,6582,12554
14,METEPEC,B73,37796,500471,713288,355860,663295,3563108,144034,275456,24632,23176,18552,25521,26960,413813,16257,19159,31931,15493,1153082,18651,8040,8187,30465,27450,369353,1320661,3472033,1329087,11304,153611,44463,22798,40626,2575007,22253,61372,113863,50957,53520,209720,24163,89471,510165,69537,2013620,49582,1468609,2126188,234004,272149,57906,93901,21767,61356,40183,27409,22682,16202,81204,20086,238075,50746,8663,218851,719022,660195,292273,382190,313364,48563,97966,360169,36566,74952,90283,799237,44089,31714,10442,7896,317421,28536,230336,70297,18011,155744,528982,30902,22036,115211,428235,129842,24979,1060360,11526,12279,53628,437458,94114,15166,100288,5900,26513,16709,16638,23146,865790,28206,24120,11460,8838,8424,7057,137177,217280,8627,94708,9743,2768,4643,16750
15,METEPEC,B73,105809,711271,716154,517275,1183994,4365860,175932,282968,15505,14424,8046,12122,40753,299734,15671,18577,29097,9857,443094,14121,5509,7490,27450,20828,947841,1310517,3241211,878045,10972,76797,43643,201621,24341,3113988,5985,58692,103540,39866,41010,50944,33265,69922,241261,34954,2449562,45672,686225,2938750,193901,159709,39110,40547,6391,68553,70684,12887,19633,29473,41300,15142,47266,16344,5079,175417,588777,1477316,210679,436791,226914,68182,64972,153625,15205,65189,85676,805941,30431,13702,6166,7396,176740,6700,275220,79262,2775,149466,472941,11538,21670,92486,335038,67601,27314,792718,9792,7086,37894,364559,101852,15674,71031,7952,9898,20616,18491,40842,436949,35822,15336,19134,7236,6292,8236,198824,272759,4087,56787,6844,1858,6491,13138
16,METEPEC,B73,31360,536404,711243,344309,960109,3986034,102164,271481,16061,23588,22286,19962,30549,279299,18745,12225,27385,12992,754217,14698,8213,12045,33483,19163,713967,929521,2376971,1126802,12789,114107,30600,22149,28122,3062394,10246,101764,96865,49680,40470,166973,33912,63870,368435,51863,2296755,37505,1159422,2942411,215474,220373,29906,77685,15718,53619,38240,22295,12772,22030,67443,15166,162360,28891,6197,114471,602994,909060,187404,575343,467893,66772,50417,435066,25702,53810,101255,599041,37023,22458,13224,13172,237809,21364,310570,74392,14488,188858,640192,39770,14758,115004,621703,115977,33791,762643,16797,8188,37463,335392,156388,15079,105918,8604,32150,20767,20350,17962,1237313,45221,15471,18385,6185,2147,4660,231073,176617,5067,111244,10014,1911,2035,11631
17,METEPEC,B73,58006,901518,1098505,330465,906093,2816525,99534,157451,12781,16687,24637,12605,32196,313837,20987,12107,32628,14846,788895,12561,9870,14137,37507,20907,733352,925118,2561427,1153449,14238,122832,40480,25370,35999,2786929,10224,96194,121742,49290,51613,179037,31677,60913,353186,60955,2064281,33372,1275197,2502904,262297,225670,55026,88492,17151,67831,49993,22464,15851,20437,83871,17044,157182,28934,7137,179848,713970,1039040,145872,474299,420286,64326,30414,399846,28783,86838,83124,1123679,41868,32884,11327,14089,279236,20300,360426,93735,14811,236716,573536,39291,27257,135412,541436,129506,32493,747225,15240,11630,36146,317228,171212,18862,129934,6914,26681,18369,31727,15312,1417779,48031,13803,25436,12721,1125,9962,283098,125058,10077,147637,13157,2742,4029,12050
18,METEPEC,B73,28880,660547,769323,611053,866013,3173755,111852,270693,24332,17615,25879,21315,33346,298402,21115,14185,28403,12482,692405,13361,8594,12422,30908,20095,718767,976902,2365363,1111309,10140,126463,29841,22360,27157,2847585,10757,98931,95805,50447,41267,168164,34965,74911,385545,53414,2126588,33735,1188268,2866774,200373,223458,45068,85286,13805,47809,45248,26984,15871,23372,68720,15798,173365,41842,7018,104401,612305,867629,242289,580651,455360,67885,52601,408665,26576,63946,103965,822195,34473,24824,14055,13128,248375,26081,312750,76206,16496,183446,652373,39420,20082,115130,584942,114175,34369,966190,13619,13644,47277,436374,164495,17103,106075,8966,31718,20187,18286,18326,1402050,39893,15750,20491,9722,6020,8510,296739,178178,8732,133508,11698,2006,1438,12108
19,METEPEC,B73,62086,637144,820992,126558,617276,1549103,59375,80037,8973,11667,17736,8386,19711,177896,12492,17133,31621,16160,693646,11210,10184,30360,57315,14865,844180,566178,2196975,1298156,13720,106157,62279,28548,38158,4708902,9387,272952,133851,62727,52203,188227,83223,50357,262575,52578,2896190,34631,999751,3433367,284036,175043,72129,80833,15251,108242,100707,24843,21094,43866,92750,26332,108426,18867,9044,106189,625972,1239437,127667,727824,787318,100582,24520,578072,27705,33748,119699,411700,55973,9678,26394,11256,183013,13180,224274,85459,12864,295622,645067,60351,8942,113994,793404,161808,37474,522438,15372,9136,26670,234513,120484,14913,86566,4017,41060,23746,21270,20490,1169038,28043,9425,15916,9348,5751,10522,241444,160704,8862,119941,12377,1129,6592,7645
20,METEPEC,B73,73113,755098,918163,325712,1052746,4172853,101702,279996,21942,22486,26504,26906,41271,275364,16265,10611,23191,9706,618429,10877,6648,7578,19986,17926,589113,840115,1984385,1062479,9224,95622,20997,18607,22791,3395381,7531,83611,81820,52844,29339,113649,53473,61527,333168,50430,2316689,36835,924151,3680785,167599,210559,33878,79569,12960,43181,32498,19265,20319,27585,52631,12499,152077,23751,5026,142419,504060,691742,122218,696614,486791,97966,33129,435098,20823,52207,129100,665966,29846,15033,12740,8544,212233,17936,281124,83171,4491,145061,741277,31134,15341,99176,770253,77986,44494,680131,16226,9798,33158,293059,136314,13529,99694,8379,35548,28800,25477,11431,927852,48154,16526,20604,10474,6424,13015,266745,86942,6279,132649,11702,1728,3170,2631
21,METEPEC,B73,91786,677437,997958,326704,1086701,3913372,152866,226148,10354,32635,15048,25918,25890,503722,22097,3949,28797,5094,914556,5739,4872,2875,24488,26107,832103,1498386,1879019,1189331,5767,112734,13014,25429,24228,2400090,8408,95601,93117,47897,29123,83065,43750,68663,476892,73489,1990190,59039,804926,3394129,173304,242065,46552,153036,16811,46447,64884,36492,22226,18577,44707,17266,221406,28407,5159,249517,516181,793241,138598,613778,620966,78394,91262,381205,26623,98014,87281,600967,30106,19158,18254,15220,269582,19629,269686,89551,14415,134774,787688,34430,18168,111482,583944,83384,43502,538598,21766,10324,21987,201426,131132,14315,135260,19644,32621,18398,38519,18380,900507,43163,13963,17385,9915,8708,11598,192253,217172,7843,112917,10729,3099,3650,6307
22,METEPEC,B73,103090,984799,1247331,316604,1153850,4061468,97053,226108,14882,18480,11007,20963,36374,328535,16643,9916,26699,11915,349205,12545,8798,3296,25958,18745,622499,866364,2509075,1093146,10723,109520,26888,21930,27127,2635990,7646,15796,95105,45838,39384,158786,36410,55118,356732,45687,2041526,29203,1380641,2737498,211389,225090,42081,65425,15497,57299,46033,38834,16944,25024,68692,14555,153944,35231,5539,159094,556352,982973,155897,475869,156560,62417,38001,349511,24773,52159,88639,702639,30337,13401,4384,5962,253905,16537,279301,67525,12455,176154,557776,35557,19434,101927,568061,105073,27147,663611,19550,8955,33057,282491,170303,13492,133795,7784,31394,20680,28315,20029,1686917,50753,19918,28349,14823,8146,14641,310276,259600,12510,171257,18000,1784,10023,10615
23,NAYARIT,B73,65532,613408,680927,133787,1143014,2907399,54437,148850,8328,23793,42270,25168,28310,310322,14621,12083,27534,10451,916243,9703,8735,14428,35771,15509,794367,754664,1481086,1423406,9544,151897,27753,18952,24605,3676040,7720,122093,100911,53857,35222,127397,48646,47192,450948,42520,2908354,42578,1037614,3304921,192538,259792,55969,74909,22591,71094,38524,21156,19044,23152,85003,19756,175107,16338,9443,80885,480665,845120,90120,602431,592585,89167,35897,542028,38576,2468,75798,555685,32676,22109,9626,10350,227664,14365,181923,72246,5082,217830,838506,37089,13012,96256,913375,100362,31687,582798,11030,10431,26935,254915,123107,20748,124616,9780,55144,19220,14871,14857,1389942,18442,13953,7086,8269,4379,5918,274046,190026,5620,103433,8031,1512,5364,10295
24,NAYARIT,B73,64071,531330,586220,155539,1621339,3907762,86895,209946,15477,22318,28344,20957,21603,285246,13777,12886,26383,10573,880063,9775,8865,14036,35768,14929,756842,776790,1470453,1337977,8510,150612,25415,16852,24742,3440959,6839,126244,94453,49350,31898,144072,42327,49133,430026,40894,2578169,38244,1047685,3204014,180077,270945,50238,66159,19517,67863,38541,21757,18279,21692,69751,17729,191516,18436,5287,80336,433255,841142,107031,642072,604539,86449,32403,503774,33871,3915,69782,540162,27940,25215,9297,5230,209325,13602,201393,66086,4294,148084,764788,30764,15227,88970,849474,94690,23862,579111,12662,9786,26726,255120,126073,10771,120150,6604,50523,21147,21561,12445,1261258,15281,6319,6634,7365,5613,6251,237302,185055,1349,94105,7161,1471,5662,10886
25,NAYARIT,B73,80595,523371,622950,213418,658451,1773208,128296,126062,10826,17411,20718,18976,54278,335034,30756,18666,42520,16164,899762,15108,15111,18524,80293,19427,896149,509332,2222385,1598725,14762,81093,61084,14465,54538,1914682,11772,132198,166635,88172,78972,186400,39555,58674,646648,106388,2768613,26829,1123479,2745265,240618,366245,103560,131562,30695,133009,81839,21432,15763,28413,174945,37393,183363,22645,11014,177521,677704,1217966,112896,899125,439606,101500,41771,880147,48355,50367,147438,671850,29056,18430,14801,8732,336336,17551,275155,103965,16713,360714,1094702,47159,22920,140045,1076147,185240,62941,706430,18789,17407,30629,294540,115932,32719,140837,10951,64142,24433,20408,17486,1027869,23570,8672,13365,7476,4789,7059,140942,229202,7788,69207,8684,991,6362,12123
26,NAYARIT,B73,68019,541803,553741,213793,912859,2936893,209690,169816,22253,14839,24115,19464,34870,299766,19598,12809,30396,13156,732032,8102,9507,10078,42104,14357,797778,344792,2255157,1237683,11423,105135,41325,21005,26429,3189571,11192,96139,113610,56856,45825,179853,50349,59464,465641,36825,2743719,22262,1189800,2677102,214027,265202,48337,135564,20096,75448,56777,25024,10717,22146,103761,21110,140994,18580,5867,169180,651878,1153831,65683,739371,326034,93506,43189,791911,30698,49295,139446,625776,41480,21288,13573,13011,264139,15678,264261,82004,18629,270153,681709,48588,22851,124449,1145064,131850,45412,691444,19066,10994,31862,266246,127180,21772,114829,9541,41941,33719,23242,20300,1076651,22615,5750,13874,5712,4827,7448,379723,218017,9291,74371,8329,1282,6347,12936
27,METEPEC,CML312,67632,339749,518426,513461,561173,1081916,96794,139111,20159,41701,16249,20423,30196,291580,6489,5963,19349,11494,507127,18081,6759,18261,9951,15600,1165699,899047,2652846,848492,9408,89332,15209,18054,22264,3706787,8585,77455,70030,57974,40457,186832,34187,89213,309354,41584,4542790,73909,1627812,2702049,205308,174988,26280,85063,16442,39097,37055,24751,48233,39721,71426,17639,124229,25053,10538,123343,1339077,1080514,192152,630322,389626,66142,81497,853892,22547,58797,158618,594723,43004,11684,21790,14700,288934,19079,115775,136961,14165,269285,813713,39940,8466,157592,773684,103314,33248,744102,2722,13082,37108,327991,44708,25359,79941,10094,71406,31133,4525,11621,357299,2150,6231,2442,5553,9053,6951,67433,198897,6765,66397,8560,1850,5973,13583
28,METEPEC,CML312,93682,400148,638868,114181,507332,1149912,125606,153429,32351,30164,17244,25609,20643,386627,18763,14558,22478,12482,569902,21894,0,35258,23058,19499,939696,1175823,3307541,986728,8327,104837,34473,30099,37257,2881877,22571,161665,80985,52784,47224,164359,32199,111120,402909,60989,3827655,56900,1778378,2228911,174230,209349,27199,75287,17808,43431,53388,19668,17973,25569,106829,11254,169435,21826,13896,176627,1123570,1312788,253041,542995,657837,52540,90701,674780,30440,77656,135022,401593,57487,29785,29616,17079,352952,27934,150467,125080,12816,312692,750347,38995,16372,147075,598789,135505,29609,1048623,6853,15294,51486,443119,51057,32435,133278,13267,41053,22162,14667,22931,551847,7022,24227,2228,4644,10596,3678,94201,176293,8234,60488,6876,2462,7605,18535
29,METEPEC,CML312,24176,224408,396565,419106,786550,1665914,107000,130265,27666,34528,23083,22655,30876,340349,13783,4559,23590,10270,563743,17277,6619,29678,23408,15243,1113009,981230,2282724,964658,5284,89673,29908,21308,26019,3790783,10863,160681,81876,60555,43024,149304,41662,64717,350615,47023,4518583,79391,1375643,2907819,170573,202224,42568,68366,13625,49263,45371,23620,19333,32794,85427,8497,140025,13893,7284,60771,836448,1226675,179241,686050,671304,70343,41727,713075,20359,45149,144805,320048,50130,23969,23460,13670,276850,19185,126309,103149,15581,243205,851929,39083,12943,120398,755152,115521,37798,741660,5311,16553,35824,319681,60131,26231,87700,12153,43198,27739,11704,18473,546945,8154,5304,4288,5531,5579,3393,71709,166009,3935,54149,4882,2026,1499,11464
30,METEPEC,CML312,49955,310553,553108,530753,930392,1916432,107014,117128,15117,35248,27081,15482,27726,315000,13804,6279,24345,11396,557283,15097,6238,40613,15050,15139,1532533,1046040,2039139,798508,7029,81682,28926,21620,24786,4060922,13063,171202,89167,55415,39145,146239,34937,56537,358429,49963,4483859,83759,1424869,2752223,143483,196476,44174,82043,13976,46215,37408,17957,15297,26634,76533,9833,145584,16893,6835,93301,579532,1091120,117025,633915,618584,63824,67514,781671,20717,50499,110597,227356,42307,35301,29053,16452,291543,16896,166479,68356,25746,185075,754338,19839,6872,98255,685634,111290,33233,539320,6106,10977,24533,214981,63122,20388,115128,10228,39437,28310,13052,18356,725143,6938,15405,4464,5601,1644,2822,88126,183499,5108,67856,4860,2156,1736,13781
31,METEPEC,CML312,49582,306942,522083,681485,617907,1172674,84759,72496,11797,68065,25732,19428,37724,241962,13486,4572,24102,11553,527897,12814,7736,27817,24779,15419,1522978,820676,1861679,840482,5370,61370,29629,22994,31928,4633004,16515,143188,95429,55571,42463,129654,54804,65976,303140,43142,4792265,78112,1333627,3196305,184728,153858,42139,99462,15353,52188,47937,12563,17400,42478,100295,12829,121499,14722,10947,26515,775310,936415,111675,805256,570034,79667,40800,857995,23290,33280,162185,187598,56795,21508,21618,11264,284315,18376,147050,132961,12274,289653,945309,5418,14092,124697,889175,79638,42366,658426,4409,13953,30399,278983,31117,27644,82941,11147,51339,37538,16188,11348,326696,6766,10007,4187,5033,2103,2192,28794,155524,5001,36287,2531,1699,1790,9808
32,METEPEC,CML312,158575,367272,706952,238403,509020,1031640,87414,111440,15343,30641,19172,12345,34305,314051,12958,5544,21368,10668,598800,11891,3403,65575,22682,15638,1983549,849799,2128633,774654,6721,71989,14314,19360,28227,4279892,8902,174301,112673,60943,40448,178041,36912,54376,273716,42716,5714615,83662,1304229,1702368,161664,197752,45570,72673,16362,72955,49577,19463,25433,28763,83789,13910,120365,13427,9045,153273,640823,1399440,69965,474810,369367,48271,50070,1413439,24460,51169,100609,225479,56687,18729,39771,8119,270943,13483,155699,77148,23929,200062,756457,41678,13206,112985,837560,187824,24966,486267,3737,12461,22058,201827,44265,20370,131376,10730,54472,37657,13319,12006,605036,3047,19994,3492,7939,5111,6305,104544,174938,9849,66487,6832,1733,9352,11347
33,METEPEC,CML312,97115,491067,478051,341463,818471,1434560,142323,159722,37077,3439,4039,14749,37247,262539,242,8293,16699,17701,264507,3924,5568,24286,15290,17204,1624113,1039583,3145028,535424,1399,45604,36117,23357,30413,4157383,4908,112645,86332,34470,20881,192656,30930,95672,199644,29206,4270350,75278,1395190,3082368,140213,98842,21530,55320,2029,45549,75606,6319,19985,30954,42619,2194,71722,20806,4496,184743,721774,2117520,190815,514134,490095,55617,63006,586776,10870,61524,143694,810375,39138,13140,39413,326,191754,23731,155735,91357,5279,120990,414149,25093,16617,103997,444131,70751,21868,624305,10213,4249,38550,279338,72082,20104,78682,4348,30076,30794,6615,17256,85198,25769,9561,12525,5449,7201,5040,186647,273924,5806,33284,2986,2147,10320,11422
34,METEPEC,CML312,93540,551072,508078,460752,940009,1320765,142421,149799,14632,17584,7286,11055,41703,263258,19088,12544,27032,18248,290851,12242,9170,18533,25221,18051,949883,1094392,3728626,799262,10887,49343,50788,20649,29291,4384103,9165,88530,105265,51366,46185,49469,31182,74656,190875,35434,5501700,107995,635090,2469309,184924,149324,39487,45436,8766,86412,73561,10358,23204,33857,61004,25373,34620,4924,5474,168319,935160,1461535,194429,423211,319210,61666,70842,534759,14761,60631,88913,783363,48600,10764,5868,3896,239350,6458,154629,102132,7754,194871,488553,20314,15714,95065,352177,79313,26011,691582,3352,5042,33488,305727,59687,19329,65907,7696,9709,23621,7111,26120,110366,24267,13337,11828,5400,6111,5735,191800,265516,4344,29468,2649,1850,6585,11694
35,METEPEC,CML312,22730,265150,453641,241407,742144,1567378,104107,114256,19831,31851,24433,22206,34059,352646,12187,6374,23013,9042,558299,15768,3012,22690,23702,13582,1087535,1014269,1969782,904828,5297,90202,25768,20501,24792,3981153,11213,144301,76825,54287,37534,138710,45031,86144,361252,51440,3925479,58466,1375252,3457812,155997,204137,39922,82153,14429,43321,29004,30627,15744,36093,89823,9511,143933,23353,7354,67343,773977,1012169,169478,840744,671463,78673,41206,788058,19977,48948,155613,184732,47856,24487,20934,14107,285069,25796,118496,102674,16826,241063,936352,46278,7237,126234,918890,120181,46140,915545,6515,11192,45335,399850,58428,26153,92895,10733,58257,30615,13262,18530,618774,8284,3411,4791,5442,6273,3483,84781,168687,4357,61608,5040,2091,1372,12057
36,NAYARIT,CML312,94490,452834,646925,239432,617387,1983897,413745,181758,31450,31017,44287,49654,74848,330798,15263,13297,25726,12785,128621,9737,7783,29545,30082,17829,810281,1520929,2147438,1398511,10103,55586,38301,18666,33732,3203167,9144,204135,106845,82074,39097,104185,68230,65134,231935,64270,2630314,78486,1004102,2585761,209649,196120,35000,100179,14452,96093,68283,28710,26607,45473,106362,15788,129403,14341,7498,135166,491925,1179052,158702,1403655,826940,145957,38143,719859,32210,58992,169569,634413,57481,16040,18381,9068,220164,18263,167304,108586,9357,270479,1673594,62674,13576,93761,875878,108078,96239,721999,10681,22499,32986,308842,71892,28576,92356,7618,92431,28337,16259,8652,379802,22023,14594,12417,7423,5673,6164,126503,221345,5577,60081,6657,1481,6161,11148
37,NAYARIT,CML312,102886,513054,696104,153938,576461,1595431,505898,169993,55542,41163,41576,47942,60784,252155,12822,6005,22050,8239,399748,9174,5077,14248,23858,14667,1200085,558424,1142791,1199468,7886,90449,23339,16145,28719,4145878,9023,177192,87964,60218,36468,90220,44840,50296,361575,33211,4753067,68704,802353,2811877,186746,221626,36192,78631,19980,62996,49765,30454,9914,38798,97187,12201,165435,13042,11301,68665,529613,1065803,110054,831340,735280,95593,28886,872307,31547,6445,88614,537810,39933,25070,14158,6005,192782,13300,142953,87272,11701,221901,1403340,44232,12250,106223,1049779,108047,37123,542178,7449,18667,25321,235157,63922,29612,115441,11865,95454,23663,12914,12873,836703,14805,18226,9996,9238,5404,5805,130233,191877,5299,77050,5005,1493,10291,11687
38,NAYARIT,CML312,101911,621079,888011,282847,916103,2764504,136696,172721,15538,29151,25876,24369,41985,254196,20488,13774,32976,13614,1023991,11518,10409,12268,43491,18557,845218,211684,2363596,1302867,10894,127223,49217,20278,33888,2919844,9077,79316,127446,53084,52549,184936,38433,60830,487995,39368,2995161,38711,1292082,2709054,219648,308834,82454,98757,18788,78023,60023,22175,9623,22471,93107,20968,170113,22848,5550,181287,622941,1250591,145230,462641,340331,63312,50916,760496,25970,60014,123877,675833,39542,20494,9779,11470,269636,15998,264977,79218,14906,220935,578428,40867,20496,113403,963340,146149,30424,724885,15233,9645,31009,299100,122076,18346,129543,8182,32201,31453,17641,10065,882743,24922,17275,13775,9907,4727,7800,107082,235007,6690,88013,8163,880,6196,13670
39,NAYARIT,CML312,104053,579803,865268,232677,1134694,2542768,263181,197528,17877,24297,22055,29240,50123,285943,18266,12697,28098,13250,521578,11329,8800,40398,13497,17611,1051122,1150158,2195152,1157490,10277,40894,45273,19626,31832,2714932,7928,162221,116008,103405,58581,129403,44786,59259,233609,44080,2802518,74866,1189910,2518017,166353,248837,48854,63270,16561,79041,60474,30882,18495,35319,97280,17439,164761,9456,7398,186569,552213,1226283,123763,666808,459841,70810,54035,1099293,24481,55390,119837,666965,46380,23223,17780,12991,235679,4120,229535,79573,12598,174486,1117889,44497,23867,91062,601412,110791,33677,661184,10191,14519,30861,282794,69235,16418,166166,9575,48434,23820,19521,21507,1015479,25973,27436,16292,11326,7348,8230,153606,231101,7489,73653,8148,665,6700,12069
40,METEPEC,PT,156918,545851,882295,202906,401501,830852,70943,112170,5459,18645,20285,17991,69833,323350,24745,32257,76363,24567,1079815,22660,29754,53210,156118,20909,950397,824540,2992049,1453324,12210,121299,221143,63729,66055,3052122,10904,105816,296411,62508,125307,268843,28736,72507,395536,75071,3053354,36060,834317,1920191,308417,358486,115832,68841,26486,146603,209036,24034,5594,25926,200111,38749,202265,17013,6509,484601,611354,1571420,76772,441486,428274,58488,52318,450129,41217,357439,74321,766430,64645,29645,12271,9321,228284,14429,271910,87878,22470,238636,662117,57271,55973,116669,563132,211102,40181,786437,9928,12262,33158,326041,107787,20361,240101,9478,29741,17878,17976,19688,866278,17206,20742,9851,11742,8778,7609,133122,256724,9894,93111,9279,2047,7177,18486
41,METEPEC,PT,86268,402573,639532,162616,474483,1112573,84288,97843,14013,26067,26563,16643,37383,237000,15833,38816,51539,19013,739873,12892,17237,19570,93036,15579,1127057,775261,2337481,1951741,8760,82664,106453,31765,71854,4152463,16185,153975,206695,91258,76286,165424,35149,47793,276848,68598,3934231,43153,973504,2251836,278374,365750,96591,96435,18675,160040,17985,18974,22724,30834,178032,30815,153064,11534,3812,236523,688589,2012163,96182,472270,593679,64653,35041,546115,32066,45438,51514,405459,61568,9508,10558,6680,287423,15403,180206,120516,10709,230321,830551,37122,28367,130429,638616,170814,35457,683182,4236,12464,31273,288059,66330,22599,120274,2559,32256,9394,9100,10321,517144,2864,9237,3808,7100,7876,5883,79245,225047,7082,64118,5924,1548,5627,12102
42,METEPEC,PT,34800,505955,898948,150038,250227,528450,99527,67123,9680,18224,21770,16304,76678,256049,15360,26918,38195,17298,609535,8039,15778,16144,87552,16179,1462879,533602,2142313,1755587,8891,83390,89577,25299,37888,4782147,13833,187443,227377,61017,74817,200646,51566,47999,306132,42328,4847335,61683,467521,2452987,258147,388566,94573,60574,20463,125054,116118,20331,17889,43611,117096,27050,180734,12418,10515,274679,464910,1466624,71444,500295,604690,69582,44763,682065,32339,4414,74014,580641,49947,19475,13943,15819,118045,8982,192113,72464,15810,198553,788398,45731,17351,102124,659992,155047,37190,546552,8542,9279,25315,232919,85849,16753,166422,7491,37632,20007,12186,13312,808906,18160,25896,11418,10599,4765,6053,121983,201079,5788,73713,7980,1554,5344,14126
43,METEPEC,PT,123669,447255,660211,171610,1093889,1328397,114203,125890,10366,33390,32439,24779,63055,250144,16382,20786,27456,10193,531275,8518,3760,15478,40092,17529,1209815,644195,1878883,1396050,7170,83394,50389,18475,26800,4502144,6836,81856,126489,56432,43691,144062,39936,38060,343066,40479,4584751,76640,850769,3297959,249349,296480,61507,53571,22020,91956,58959,18496,9360,31631,93869,16257,150386,11731,5808,105455,554065,1133084,72302,653481,364205,84555,34362,621286,31006,1927,91139,595283,45497,26694,6504,14582,181276,11584,157414,105295,11824,221644,924703,45081,18176,97293,691823,128432,36101,524080,10294,10304,23973,214147,94964,26321,132945,7028,42412,29778,22427,18424,628615,23251,18975,11755,7295,6221,6698,103560,209370,3974,70380,7087,1622,5229,13892
44,METEPEC,PT,277623,383828,881413,151757,242742,515729,79027,82076,5368,20795,13183,23633,81216,322937,15808,31526,40314,15461,401279,12421,10587,72343,79597,16671,1786939,794192,2254316,1631550,8876,62038,140179,11212,55757,4989039,15748,277155,175101,67856,44677,124701,37736,44556,236607,45053,5593919,62015,741453,1942002,218987,309644,91578,47881,15189,152044,110090,8830,17976,31976,113212,26193,134061,10037,10465,179425,468092,1760221,67446,415834,784640,60540,21304,699038,24557,45984,78861,242556,55662,14070,27489,6318,208476,10647,290114,83514,5023,152166,677302,31085,18302,78688,541946,139625,27852,454813,9719,9715,19316,186040,86189,6796,212619,2157,25266,25753,22430,14149,395617,12876,29324,4890,5028,6068,5980,67222,144284,3341,52112,3406,1599,2268,1422
45,METEPEC,PT,151696,717223,1172436,171524,447956,1070878,83805,96935,5933,16703,16927,15337,39657,244914,21092,57685,59414,18576,795782,10637,16322,23016,95100,2825,833210,809423,2313862,1953589,10897,83738,127966,38750,69742,3670469,16918,178204,220511,54460,48373,159296,43917,52802,279329,63777,3248625,43182,927756,2322639,263498,319870,101907,59912,18297,190430,73361,21460,23144,34771,161681,37218,138200,12137,8512,198046,498909,1929139,100483,579562,774981,82637,41804,452038,35814,53239,79885,415736,74533,11883,15197,6291,286056,15031,274631,116196,9322,172419,892178,45568,20204,95086,621842,191043,44932,618178,17689,12256,27149,255482,150010,19060,176689,9457,38905,26497,26040,9301,738358,15034,25198,10151,11111,4887,10106,145618,243377,8784,89076,7015,1620,6923,5352
46,METEPEC,PT,166938,518038,909141,97646,336775,701347,76182,61599,5387,20130,22206,16426,45799,260337,15813,42515,47047,16880,527698,11669,14482,23057,79552,16627,1536399,788301,2053275,1810436,9665,76992,93890,26611,60512,4594504,15416,137615,203728,68284,44782,146788,55948,46837,275294,49889,4484353,54204,766056,2501568,230759,355145,87821,81334,17872,167697,105709,15240,22222,57152,120064,30321,136247,11532,11599,141710,533733,1636025,70242,557452,529521,96354,40384,604480,31451,48352,70582,202504,53064,19176,12471,9945,209125,12597,212639,100483,10887,225434,932871,39638,20801,99182,685109,188947,43750,536931,10377,7487,23533,206559,93590,19492,151536,4108,41349,26543,14907,15421,735294,12060,23813,9306,8213,1100,3217,112208,244718,6625,72514,6087,1553,7542,20908
47,METEPEC,PT,123445,413221,700888,83946,480884,1022876,76428,75377,11529,22113,20372,19630,88446,233019,14437,24440,37210,14056,717338,11590,17026,17723,62795,15365,1659624,708494,2020180,1473335,12478,88707,107720,29512,59857,4761321,17197,109792,160439,70677,46390,131991,43428,45377,281195,50226,4015525,36671,645802,2698525,225226,320435,72746,88248,20069,124120,28274,20513,21576,52077,139037,26977,118530,9495,11013,111057,644433,1503754,72349,786986,444007,86977,28030,695749,31032,37912,101877,161518,63502,17096,10780,12330,167626,13741,236591,118492,13190,246723,1089040,47336,25752,128129,813626,187649,52225,551088,12740,13302,21593,220562,104990,22307,178566,3648,49250,25224,23808,18594,757117,10869,15984,8243,7771,3803,3625,93031,213708,5881,62057,4657,1386,3184,8778
